cm_source_id,source_name,source_longitude,source_latitude,api_gas,api_sector,api_plume_count,api_emission_auto,api_emission_uncertainty_auto,api_detection_date_count,api_observation_date_count,api_persistence,api_date_count,api_timestamp_min,api_timestamp_max,api_published_at_min,api_published_at_max,api_observation_scene_count,api_observation_scenes_json,api_plume_ids_json,cohort_plume_ids_json,cohort_plume_count,noncohort_plume_count,country,country_iso3,sector,sector_label,cohort_detection_count,cohort_detection_date_count,cohort_scene_count,cohort_quantified_count,cohort_unquantified_count,cohort_quantified_percent,cohort_median_emission_kg_hr,cohort_first_detection,cohort_last_detection,source_name_present,quantification_coverage,revisit_priority_tier,api_null_observation_date_count
CM500-2649e7026c,CH4_1B2_500m_95.73865_17.36183?bbox=92.0&bbox=,95.73865116721578,17.36182928732336,CH4,1B2,1,,,1,2,0.5,1,2025-12-16,2025-12-16,2026-01-15,2026-01-15,2,"[""1a99d3c8-e9bf-4085-b67b-71e8711ed40c:tan20250506t045043c00s4001"", ""6936d9c7-84cc-4d6a-9048-9dc12b9e0c09:tan20251216t052114c23s4001""]","[""tan20251216t052114c23s4001-D""]","[""tan20251216t052114c23s4001-D""]",1,0,Myanmar,MMR,1B2,Oil and gas,1,1,1,0,1,0.0,,2025-12-16 05:21:14.230000+00:00,2025-12-16 05:21:14.230000+00:00,True,No public rates,"Tier 2: single-date, never publicly quantified",1
CM500-2ba58f54a3,CH4_1B1a_500m_115.49106_,115.49105789596203,-2.222197665620527,CH4,1B1a,1,,,1,1,1.0,1,2025-11-30,2025-11-30,2025-12-30,2025-12-30,1,"[""064dd269-2e8b-4b1c-9091-53e93e16f8a9:tan20251130t033740c18s4001""]","[""tan20251130t033740c18s4001-A""]","[""tan20251130t033740c18s4001-A""]",1,0,Indonesia,IDN,1B1a,Coal mining,1,1,1,0,1,0.0,,2025-11-30 03:37:40.180000+00:00,2025-11-30 03:37:40.180000+00:00,True,No public rates,"Tier 2: single-date, never publicly quantified",0
CM500-4903d817b8,CH4_6A_500m_107.90623_,107.90622856483924,-7.020578663557274,CH4,6A,1,,,1,1,1.0,1,2025-07-10,2025-07-10,2025-10-15,2025-10-15,1,"[""d34978ee-e306-49f4-a994-6716475c9bf2:tan20250710t034559c23s4001""]","[""tan20250710t034559c23s4001-A""]","[""tan20250710t034559c23s4001-A""]",1,0,Indonesia,IDN,6A,Solid waste / landfill,1,1,1,0,1,0.0,,2025-07-10 03:45:59.230000+00:00,2025-07-10 03:45:59.230000+00:00,True,No public rates,"Tier 2: single-date, never publicly quantified",0
CM500-4b4608c0b3,CH4_other_500m_111.42808_1.71523?bbox=92.0&bbox=,111.4280798019131,1.7152268422164525,CH4,other,1,,,1,1,1.0,1,2025-04-17,2025-04-17,2025-05-17,2025-05-17,1,"[""d9cd508c-4184-45ce-9535-2d9aad3e5b52:tan20250417t033233c00s4001""]","[""tan20250417t033233c00s4001-A""]","[""tan20250417t033233c00s4001-A""]",1,0,Malaysia,MYS,other,Other / unclassified,1,1,1,0,1,0.0,,2025-04-17 03:32:33+00:00,2025-04-17 03:32:33+00:00,True,No public rates,"Tier 2: single-date, never publicly quantified",0
CM500-55b3807f8d,CH4_6A_500m_106.61805_,106.61804535226767,-6.136807643898095,CH4,6A,1,,,1,1,1.0,1,2026-06-08,2026-06-08,2026-07-08,2026-07-08,1,"[""c926374e-1dc3-4a55-bf9c-006ade85f87a:tan20260608t043254c92s4001""]","[""tan20260608t043254c92s4001-A""]","[""tan20260608t043254c92s4001-A""]",1,0,Indonesia,IDN,6A,Solid waste / landfill,1,1,1,0,1,0.0,,2026-06-08 04:32:54.920000+00:00,2026-06-08 04:32:54.920000+00:00,True,No public rates,"Tier 2: single-date, never publicly quantified",0
CM500-5b93ca44f2,CH4_1B2_500m_95.63300_16.96885?bbox=92.0&bbox=,95.63299530166103,16.968848613783678,CH4,1B2,1,,,1,2,0.5,1,2025-12-16,2025-12-16,2026-01-15,2026-01-15,2,"[""1a99d3c8-e9bf-4085-b67b-71e8711ed40c:tan20250506t045043c00s4001"", ""6936d9c7-84cc-4d6a-9048-9dc12b9e0c09:tan20251216t052114c23s4001""]","[""tan20251216t052114c23s4001-B""]","[""tan20251216t052114c23s4001-B""]",1,0,Myanmar,MMR,1B2,Oil and gas,1,1,1,0,1,0.0,,2025-12-16 05:21:14.230000+00:00,2025-12-16 05:21:14.230000+00:00,True,No public rates,"Tier 2: single-date, never publicly quantified",1
CM500-975a602e82,CH4_1B2_500m_95.65536_16.96450?bbox=92.0&bbox=,95.65536408149995,16.964501806699744,CH4,1B2,1,,,1,2,0.5,1,2025-12-16,2025-12-16,2026-01-15,2026-01-15,2,"[""1a99d3c8-e9bf-4085-b67b-71e8711ed40c:tan20250506t045043c00s4001"", ""6936d9c7-84cc-4d6a-9048-9dc12b9e0c09:tan20251216t052114c23s4001""]","[""tan20251216t052114c23s4001-C""]","[""tan20251216t052114c23s4001-C""]",1,0,Myanmar,MMR,1B2,Oil and gas,1,1,1,0,1,0.0,,2025-12-16 05:21:14.230000+00:00,2025-12-16 05:21:14.230000+00:00,True,No public rates,"Tier 2: single-date, never publicly quantified",1
CM500-9765f42c18,CH4_6A_500m_106.41355_10.96675?bbox=92.0&bbox=,106.41354523585683,10.966749018813488,CH4,6A,1,,,1,2,0.5,1,2025-11-24,2025-11-24,2025-12-24,2025-12-24,2,"[""3cc8d7ee-8a02-416e-b784-e9fd22858b5c:tan20260328t044719c35s4001"", ""9999debb-fe84-4465-bd14-46f9a69ec61c:tan20251124t042717c23s4001""]","[""tan20251124t042717c23s4001-D""]","[""tan20251124t042717c23s4001-D""]",1,0,Vietnam,VNM,6A,Solid waste / landfill,1,1,1,0,1,0.0,,2025-11-24 04:27:17.230000+00:00,2025-11-24 04:27:17.230000+00:00,True,No public rates,"Tier 2: single-date, never publicly quantified",1
CM500-aed2de9ce9,CH4_6A_500m_106.43248_10.96049?bbox=92.0&bbox=,106.43247861056773,10.960488879004913,CH4,6A,1,,,1,2,0.5,1,2025-11-24,2025-11-24,2025-12-24,2025-12-24,2,"[""3cc8d7ee-8a02-416e-b784-e9fd22858b5c:tan20260328t044719c35s4001"", ""9999debb-fe84-4465-bd14-46f9a69ec61c:tan20251124t042717c23s4001""]","[""tan20251124t042717c23s4001-A""]","[""tan20251124t042717c23s4001-A""]",1,0,Vietnam,VNM,6A,Solid waste / landfill,1,1,1,0,1,0.0,,2025-11-24 04:27:17.230000+00:00,2025-11-24 04:27:17.230000+00:00,True,No public rates,"Tier 2: single-date, never publicly quantified",1
CM500-c31c38f2ef,CH4_6A_500m_105.42432_21.13027?bbox=92.0&bbox=,105.42431972762299,21.130266371449466,CH4,6A,1,,,1,1,1.0,1,2026-04-13,2026-04-13,2026-05-13,2026-05-13,1,"[""3dd1d0d0-ea1c-4458-831f-6ded34c97d5a:tan20260413t045900c60s4001""]","[""tan20260413t045900c60s4001-B""]","[""tan20260413t045900c60s4001-B""]",1,0,Vietnam,VNM,6A,Solid waste / landfill,1,1,1,0,1,0.0,,2026-04-13 04:59:00.600000+00:00,2026-04-13 04:59:00.600000+00:00,True,No public rates,"Tier 2: single-date, never publicly quantified",0
CM500-eea58a9dc6,CH4_other_500m_105.42812_21.12781?bbox=92.0&bbox=,105.42811989405007,21.127806007888,CH4,other,1,,,1,1,1.0,1,2026-04-13,2026-04-13,2026-05-13,2026-05-13,1,"[""3dd1d0d0-ea1c-4458-831f-6ded34c97d5a:tan20260413t045900c60s4001""]","[""tan20260413t045900c60s4001-A""]","[""tan20260413t045900c60s4001-A""]",1,0,Vietnam,VNM,other,Other / unclassified,1,1,1,0,1,0.0,,2026-04-13 04:59:00.600000+00:00,2026-04-13 04:59:00.600000+00:00,True,No public rates,"Tier 2: single-date, never publicly quantified",0
CM500-ffc927b3dd,CH4_6A_500m_100.31688_14.01080?bbox=92.0&bbox=,100.31687808163775,14.010801482231585,CH4,6A,1,,,1,3,0.3333333333333333,1,2025-01-29,2025-01-29,2025-11-07,2025-11-07,3,"[""0cd5d0c3-0494-41ad-a97a-9d4e6ad2e75e:tan20260116t050539c46s4001"", ""71789bdb-aec7-4443-8ae9-b6c5979a7fbd:tan20260318t051007c70s4001"", ""e7f00e45-c566-46cb-9cf0-4bbc361b8655:tan20250129t040523c00s4001""]","[""tan20250129t040523c00s4001-A""]","[""tan20250129t040523c00s4001-A""]",1,0,Thailand,THA,6A,Solid waste / landfill,1,1,1,0,1,0.0,,2025-01-29 04:05:23+00:00,2025-01-29 04:05:23+00:00,True,No public rates,"Tier 2: single-date, never publicly quantified",2
CM500-cda1f1e271,CH4_6A_500m_121.15548_14.77095?bbox=92.0&bbox=,121.15548258943846,14.77095030817904,CH4,6A,29,4032.1180876668705,1063.8897237106212,15,15,1.0,15,2025-01-26,2026-05-31,2025-02-25,2026-06-30,15,"[""04313411-5de9-4e16-bc00-5342ff7e1195:tan20250202t025751c00s4001"", ""227f7d76-d10d-4bb4-84ae-827feec7f830:tan20250427t030250c00s4001"", ""246f3e24-6386-49a3-ab92-1c6b6c868d3e:tan20250420t030156c00s4001"", ""286eb05f-15c2-4c3b-905b-c1c1a18e1cc2:tan20250518t030556c00s4001"", ""4b7a67b5-146b-45b6-b983-abf0720c1b40:tan20251102t032907c91s4001"", ""5e31e68c-43a1-4a15-8990-db821132b7b7:tan20260401t034051c05s4001"", ""789a29f9-8702-4ca6-b4a5-84d6d80b5ff4:tan20260320t035021c22s4001"", ""7ac46160-8c35-4d14-a5ff-d92a7ae3ca43:tan20250223t025452c00s4001"", ""8237f58c-c377-4c77-a770-50b86124bfec:tan20260311t033429c90s4001"", ""8f87fc82-5067-47f8-8993-a9031e9344ad:tan20250413t030109c00s4001"", ""96d9cc0c-4a05-480c-8518-a7db5abd2b05:tan20251130t033251c90s4001"", ""a5ac2e25-187a-40ef-8612-45406be35b04:tan20260531t034151c23s4001"", ""c1028a3f-e29a-4b19-bd1f-13ed9954f404:tan20250803t031625c33s4001"", ""c8965242-8057-4b24-ad28-9dbc1d4f64da:tan20250921t032316c90s4001"", ""ca8ceb70-e849-4967-a8bc-156e92ec1171:tan20250126t025942c00s4001""]","[""tan20250126t025942c00s4001-A"", ""tan20250202t025751c00s4001-A"", ""tan20250223t025452c00s4001-A"", ""tan20250413t030109c00s4001-A"", ""tan20250420t030156c00s4001-B"", ""tan20250420t030156c00s4001-C"", ""tan20250420t030156c00s4001-D"", ""tan20250427t030250c00s4001-B"", ""tan20250427t030250c00s4001-C"", ""tan20250518t030556c00s4001-B"", ""tan20250518t030556c00s4001-C"", ""tan20250803t031625c33s4001-B"", ""tan20250803t031625c33s4001-C"", ""tan20250803t031625c33s4001-D"", ""tan20250921t032316c90s4001-A"", ""tan20250921t032316c90s4001-C"", ""tan20251102t032907c91s4001-A"", ""tan20251102t032907c91s4001-B"", ""tan20251130t033251c90s4001-A"", ""tan20260311t033429c90s4001-A"", ""tan20260311t033429c90s4001-D"", ""tan20260311t033429c90s4001-E"", ""tan20260320t035021c22s4001-A"", ""tan20260320t035021c22s4001-B"", ""tan20260401t034051c05s4001-C"", ""tan20260401t034051c05s4001-D"", ""tan20260401t034051c05s4001-E"", ""tan20260401t034051c05s4001-F"", ""tan20260531t034151c23s4001-A""]","[""tan20250126t025942c00s4001-A"", ""tan20250202t025751c00s4001-A"", ""tan20250223t025452c00s4001-A"", ""tan20250413t030109c00s4001-A"", ""tan20250420t030156c00s4001-B"", ""tan20250420t030156c00s4001-C"", ""tan20250420t030156c00s4001-D"", ""tan20250427t030250c00s4001-B"", ""tan20250427t030250c00s4001-C"", ""tan20250518t030556c00s4001-B"", ""tan20250518t030556c00s4001-C"", ""tan20250803t031625c33s4001-B"", ""tan20250803t031625c33s4001-C"", ""tan20250803t031625c33s4001-D"", ""tan20250921t032316c90s4001-A"", ""tan20250921t032316c90s4001-C"", ""tan20251102t032907c91s4001-A"", ""tan20251102t032907c91s4001-B"", ""tan20251130t033251c90s4001-A"", ""tan20260311t033429c90s4001-A"", ""tan20260311t033429c90s4001-D"", ""tan20260311t033429c90s4001-E"", ""tan20260320t035021c22s4001-A"", ""tan20260320t035021c22s4001-B"", ""tan20260401t034051c05s4001-C"", ""tan20260401t034051c05s4001-D"", ""tan20260401t034051c05s4001-E"", ""tan20260401t034051c05s4001-F"", ""tan20260531t034151c23s4001-A""]",29,0,Philippines,PHL,6A,Solid waste / landfill,29,15,15,19,10,65.5,2268.5532848762737,2025-01-26 02:59:42+00:00,2026-05-31 03:41:51.230000+00:00,True,Mixed public and hidden rates,Tier 3: partly quantified,0
CM500-6ba45e438c,CH4_6A_500m_106.99795_,106.99795208089562,-6.346981125477106,CH4,6A,30,5992.352358834675,1298.4681019548643,14,14,1.0,14,2025-02-15,2026-04-21,2025-03-17,2026-05-21,14,"[""0b94efa5-389d-4261-90e5-6a0befa9a55f:tan20250913t040749c85s4001"", ""202440ee-66d6-412c-999c-ba210e54158a:tan20250823t040443c73s4001"", ""261b5043-5859-4890-a7c7-6de513c82dbd:tan20260421t042433c00s4001"", ""81961baa-de6f-45f5-8eb0-0a8e5223ac6a:tan20250503t034901c00s4001"", ""8775f04e-d533-425e-89ec-e0bd02b0b787:tan20250322t034407c00s4001"", ""8cbb5321-25a7-4b79-a4be-4eda118be269:tan20250802t040201c53s4001"", ""b01e3c6f-8aa3-41f1-b4b6-ffeb95653a1e:tan20250614t035459c18s4001"", ""b48e8902-6e06-4c14-bbed-ff817e126224:tan20250621t035600c58s4001"", ""c61bdad8-1b99-4d51-a03f-a03f4a843351:tan20250308t034218c00s4001"", ""c730e30e-1f89-4147-8404-4e1e80550601:tan20250215t033949c00s4001"", ""da18ece0-9f27-456f-a5c9-1e4172c5c39f:tan20250830t040548c81s4001"", ""e1d7e115-a543-4fd5-b3a6-e1e3d88e9664:tan20250517t035130c00s4001"", ""f40067be-dbc0-4507-8872-e9ac36213d5c:tan20250419t034721c00s4001"", ""f5199e9f-b5ec-4362-b572-9520854c1a6f:tan20251101t041430c92s4001""]","[""tan20250215t033949c00s4001-A"", ""tan20250215t033949c00s4001-C"", ""tan20250308t034218c00s4001-A"", ""tan20250322t034407c00s4001-A"", ""tan20250419t034721c00s4001-A"", ""tan20250419t034721c00s4001-B"", ""tan20250503t034901c00s4001-A"", ""tan20250517t035130c00s4001-B"", ""tan20250614t035459c18s4001-A"", ""tan20250614t035459c18s4001-C"", ""tan20250614t035459c18s4001-G"", ""tan20250621t035600c58s4001-D"", ""tan20250621t035600c58s4001-E"", ""tan20250621t035600c58s4001-G"", ""tan20250802t040201c53s4001-A"", ""tan20250802t040201c53s4001-E"", ""tan20250802t040201c53s4001-J"", ""tan20250802t040201c53s4001-K"", ""tan20250802t040201c53s4001-L"", ""tan20250823t040443c73s4001-A"", ""tan20250823t040443c73s4001-C"", ""tan20250823t040443c73s4001-G"", ""tan20250823t040443c73s4001-I"", ""tan20250830t040548c81s4001-A"", ""tan20250913t040749c85s4001-A"", ""tan20250913t040749c85s4001-E"", ""tan20251101t041430c92s4001-A"", ""tan20251101t041430c92s4001-D"", ""tan20260421t042433c00s4001-B"", ""tan20260421t042433c00s4001-C""]","[""tan20250215t033949c00s4001-A"", ""tan20250215t033949c00s4001-C"", ""tan20250308t034218c00s4001-A"", ""tan20250322t034407c00s4001-A"", ""tan20250419t034721c00s4001-A"", ""tan20250419t034721c00s4001-B"", ""tan20250503t034901c00s4001-A"", ""tan20250517t035130c00s4001-B"", ""tan20250614t035459c18s4001-A"", ""tan20250614t035459c18s4001-C"", ""tan20250614t035459c18s4001-G"", ""tan20250621t035600c58s4001-D"", ""tan20250621t035600c58s4001-E"", ""tan20250621t035600c58s4001-G"", ""tan20250802t040201c53s4001-A"", ""tan20250802t040201c53s4001-E"", ""tan20250802t040201c53s4001-J"", ""tan20250802t040201c53s4001-K"", ""tan20250802t040201c53s4001-L"", ""tan20250823t040443c73s4001-A"", ""tan20250823t040443c73s4001-C"", ""tan20250823t040443c73s4001-G"", ""tan20250823t040443c73s4001-I"", ""tan20250830t040548c81s4001-A"", ""tan20250913t040749c85s4001-A"", ""tan20250913t040749c85s4001-E"", ""tan20251101t041430c92s4001-A"", ""tan20251101t041430c92s4001-D"", ""tan20260421t042433c00s4001-B"", ""tan20260421t042433c00s4001-C""]",30,0,Indonesia,IDN,6A,Solid waste / landfill,30,14,14,8,22,26.7,1962.393146276474,2025-02-15 03:39:49+00:00,2026-04-21 04:24:33+00:00,True,Mixed public and hidden rates,Tier 3: partly quantified,0
CM500-5c4211c9ce,CH4_6A_500m_121.16465_14.69043?bbox=92.0&bbox=,121.16465137916212,14.690425379480052,CH4,6A,18,1748.2160113197194,365.27450347414225,14,14,1.0,14,2025-02-02,2026-05-31,2025-03-14,2026-06-30,14,"[""04313411-5de9-4e16-bc00-5342ff7e1195:tan20250202t025751c00s4001"", ""227f7d76-d10d-4bb4-84ae-827feec7f830:tan20250427t030250c00s4001"", ""246f3e24-6386-49a3-ab92-1c6b6c868d3e:tan20250420t030156c00s4001"", ""286eb05f-15c2-4c3b-905b-c1c1a18e1cc2:tan20250518t030556c00s4001"", ""5118b13a-e8aa-49dd-ab97-74aa2831d1d9:tan20250511t030430c00s4001"", ""5e31e68c-43a1-4a15-8990-db821132b7b7:tan20260401t034051c05s4001"", ""789a29f9-8702-4ca6-b4a5-84d6d80b5ff4:tan20260320t035021c22s4001"", ""7ac46160-8c35-4d14-a5ff-d92a7ae3ca43:tan20250223t025452c00s4001"", ""8237f58c-c377-4c77-a770-50b86124bfec:tan20260311t033429c90s4001"", ""96d9cc0c-4a05-480c-8518-a7db5abd2b05:tan20251130t033251c90s4001"", ""a5ac2e25-187a-40ef-8612-45406be35b04:tan20260531t034151c23s4001"", ""c1028a3f-e29a-4b19-bd1f-13ed9954f404:tan20250803t031625c33s4001"", ""c8965242-8057-4b24-ad28-9dbc1d4f64da:tan20250921t032316c90s4001"", ""fc48415d-04f6-4b47-b3a5-8db498734cda:tan20260524t034710c82s4001""]","[""tan20250202t025751c00s4001-B"", ""tan20250223t025452c00s4001-B"", ""tan20250420t030156c00s4001-A"", ""tan20250427t030250c00s4001-A"", ""tan20250511t030430c00s4001-A"", ""tan20250518t030556c00s4001-A"", ""tan20250803t031625c33s4001-A"", ""tan20250921t032316c90s4001-B"", ""tan20251130t033251c90s4001-B"", ""tan20260311t033429c90s4001-B"", ""tan20260311t033429c90s4001-C"", ""tan20260320t035021c22s4001-C"", ""tan20260320t035021c22s4001-D"", ""tan20260401t034051c05s4001-A"", ""tan20260401t034051c05s4001-B"", ""tan20260524t034710c82s4001-A"", ""tan20260524t034710c82s4001-B"", ""tan20260531t034151c23s4001-B""]","[""tan20250202t025751c00s4001-B"", ""tan20250223t025452c00s4001-B"", ""tan20250420t030156c00s4001-A"", ""tan20250427t030250c00s4001-A"", ""tan20250511t030430c00s4001-A"", ""tan20250518t030556c00s4001-A"", ""tan20250803t031625c33s4001-A"", ""tan20250921t032316c90s4001-B"", ""tan20251130t033251c90s4001-B"", ""tan20260311t033429c90s4001-B"", ""tan20260311t033429c90s4001-C"", ""tan20260320t035021c22s4001-C"", ""tan20260320t035021c22s4001-D"", ""tan20260401t034051c05s4001-A"", ""tan20260401t034051c05s4001-B"", ""tan20260524t034710c82s4001-A"", ""tan20260524t034710c82s4001-B"", ""tan20260531t034151c23s4001-B""]",18,0,Philippines,PHL,6A,Solid waste / landfill,18,14,14,6,12,33.3,1895.4298565370293,2025-02-02 02:57:51+00:00,2026-05-31 03:41:51.230000+00:00,True,Mixed public and hidden rates,Tier 3: partly quantified,0
CM500-c87043980e,CH4_6A_500m_106.67091_10.66544?bbox=92.0&bbox=,106.6709123794224,10.665441484113328,CH4,6A,16,2298.2786165304024,445.87368350994007,12,12,1.0,12,2025-02-17,2026-05-11,2025-03-19,2026-06-10,12,"[""0b122162-e215-43a7-8537-928a4717f8c6:tan20250310t035131c00s4001"", ""1477e99a-0ed7-40c8-b6af-935844102172:tan20260416t043447c36s4001"", ""3ea1222b-6a7c-48d0-b350-494d52db0bfa:tan20250915t041702c70s4001"", ""47c162ec-f3d2-4836-9209-c2002ec69016:tan20260511t045037c28s4001"", ""5f5298a7-2e88-4ab5-8b84-8b4ff59a468e:tan20251201t042724c95s4001"", ""85a4acbd-cbd8-47a7-8deb-c02014e43239:tan20250407t035451c00s4001"", ""8f862d6d-f444-4b6e-b243-e423c9c1a212:tan20260509t043903c55s4001"", ""9999debb-fe84-4465-bd14-46f9a69ec61c:tan20251124t042717c23s4001"", ""bccb911d-a0e6-413d-98b8-818f833fd7ce:tan20260312t042921c83s4001"", ""cf631d04-f19a-4875-8f5d-4befbc930ff4:tan20250217t034814c00s4001"", ""da00cdf5-16c0-4fc6-bf97-cf25f360bacc:tan20260112t043730c98s4001"", ""e4429df9-565d-473f-89c1-bb27c792620b:tan20250901t041459c64s4001""]","[""tan20250217t034814c00s4001-A"", ""tan20250310t035131c00s4001-A"", ""tan20250407t035451c00s4001-A"", ""tan20250407t035451c00s4001-B"", ""tan20250901t041459c64s4001-A"", ""tan20250915t041702c70s4001-A"", ""tan20251124t042717c23s4001-B"", ""tan20251124t042717c23s4001-C"", ""tan20251201t042724c95s4001-A"", ""tan20251201t042724c95s4001-B"", ""tan20260112t043730c98s4001-A"", ""tan20260112t043730c98s4001-B"", ""tan20260312t042921c83s4001-A"", ""tan20260416t043447c36s4001-A"", ""tan20260509t043903c55s4001-A"", ""tan20260511t045037c28s4001-A""]","[""tan20250217t034814c00s4001-A"", ""tan20250310t035131c00s4001-A"", ""tan20250407t035451c00s4001-A"", ""tan20250407t035451c00s4001-B"", ""tan20250901t041459c64s4001-A"", ""tan20250915t041702c70s4001-A"", ""tan20251124t042717c23s4001-B"", ""tan20251124t042717c23s4001-C"", ""tan20251201t042724c95s4001-A"", ""tan20251201t042724c95s4001-B"", ""tan20260112t043730c98s4001-A"", ""tan20260112t043730c98s4001-B"", ""tan20260312t042921c83s4001-A"", ""tan20260416t043447c36s4001-A"", ""tan20260509t043903c55s4001-A"", ""tan20260511t045037c28s4001-A""]",16,0,Vietnam,VNM,6A,Solid waste / landfill,16,12,12,9,7,56.2,1923.6168836112374,2025-02-17 03:48:14+00:00,2026-05-11 04:50:37.280000+00:00,True,Mixed public and hidden rates,Tier 3: partly quantified,0
CM500-007e566671,CH4_6A_500m_104.88688_11.48324?bbox=92.0&bbox=,104.88688128576045,11.483239323068458,CH4,6A,20,2221.964633248353,482.16780572017433,10,10,1.0,10,2025-02-05,2026-03-14,2025-03-07,2026-04-13,10,"[""2aca6736-9b14-44a0-b299-15feb62033c7:tan20250903t042821c27s4001"", ""60d3ff05-29c4-459d-b323-51d47851a9c7:tan20250205t040403c00s4001"", ""66544f67-0475-4f8f-bfbb-7d672f250825:tan20250409t040802c00s4001"", ""75c4b918-a6b9-4efc-86fe-18d6ed691d15:tan20250917t043017c38s4001"", ""7b2a0da8-c220-4485-837f-565b738f1250:tan20251124t042620c43s4001"", ""a0832d38-5694-4b32-b8f1-88e14d32a92f:tan20251020t042134c73s4001"", ""ad9281d9-39b3-4ba2-9a8b-71b7b525a0f0:tan20250319t040536c00s4001"", ""b91fe903-9739-48f3-a307-aed433c31c12:tan20260314t044235c49s4001"", ""badb9b30-0be2-4f8d-8629-540d82c8a3be:tan20250630t040558c33s4001"", ""ec596e20-d149-47ae-9c93-a520b09ec49c:tan20250730t042319c33s4001""]","[""tan20250205t040403c00s4001-A"", ""tan20250205t040403c00s4001-B"", ""tan20250205t040403c00s4001-C"", ""tan20250319t040536c00s4001-A"", ""tan20250319t040536c00s4001-B"", ""tan20250319t040536c00s4001-C"", ""tan20250409t040802c00s4001-A"", ""tan20250409t040802c00s4001-B"", ""tan20250630t040558c33s4001-A"", ""tan20250630t040558c33s4001-B"", ""tan20250730t042319c33s4001-A"", ""tan20250903t042821c27s4001-A"", ""tan20250917t043017c38s4001-A"", ""tan20250917t043017c38s4001-B"", ""tan20251020t042134c73s4001-A"", ""tan20251020t042134c73s4001-B"", ""tan20251124t042620c43s4001-C"", ""tan20251124t042620c43s4001-D"", ""tan20260314t044235c49s4001-A"", ""tan20260314t044235c49s4001-B""]","[""tan20250205t040403c00s4001-A"", ""tan20250205t040403c00s4001-B"", ""tan20250205t040403c00s4001-C"", ""tan20250319t040536c00s4001-A"", ""tan20250319t040536c00s4001-B"", ""tan20250319t040536c00s4001-C"", ""tan20250409t040802c00s4001-A"", ""tan20250409t040802c00s4001-B"", ""tan20250630t040558c33s4001-A"", ""tan20250630t040558c33s4001-B"", ""tan20250730t042319c33s4001-A"", ""tan20250903t042821c27s4001-A"", ""tan20250917t043017c38s4001-A"", ""tan20250917t043017c38s4001-B"", ""tan20251020t042134c73s4001-A"", ""tan20251020t042134c73s4001-B"", ""tan20251124t042620c43s4001-C"", ""tan20251124t042620c43s4001-D"", ""tan20260314t044235c49s4001-A"", ""tan20260314t044235c49s4001-B""]",20,0,Cambodia,KHM,6A,Solid waste / landfill,20,10,10,10,10,50.0,1025.2015782507756,2025-02-05 04:04:03+00:00,2026-03-14 04:42:35.490000+00:00,True,Mixed public and hidden rates,Tier 3: partly quantified,0
CM500-11f3d4c914,CH4_6A_500m_100.67135_13.58206?bbox=92.0&bbox=,100.67135068284794,13.582060815181583,CH4,6A,14,1367.3993256357192,374.3781357442719,10,10,1.0,10,2024-12-19,2026-03-16,2025-01-31,2026-04-15,10,"[""140bb378-11b5-442a-9d50-aa85d054225c:tan20250801t043627c33s4001"", ""309a51c6-c8d5-40f5-a350-853292ec7943:tan20260316t045602c69s4001"", ""50d150fd-d214-46b4-9a9b-ff3a2e18af79:tan20250131t041801c00s4001"", ""6b0beed7-a5ad-47e6-8783-000a6ab71d29:tan20251114t045112c19s4001"", ""803c41f5-5036-44a6-9be1-8bc5236fce3b:tan20250905t044131c73s4001"", ""84f28a44-88ae-4f8d-85b4-6b53be728668:tan20260107t044924c16s4001"", ""8e649bfb-19cb-4f20-989c-c45accdfa99d:tan20241219t040749c00s4001"", ""a57ba6b5-ad41-45ae-b3d2-5fd6823af70d:tan20251226t045848c67s4001"", ""ae14548e-c7a0-475b-86d0-54c7e70ce6a6:tan20250509t042443c00s4001"", ""ca561b15-3d98-4890-807c-89d630dc0b1d:tan20250919t044315c71s4001""]","[""tan20241219t040749c00s4001-A"", ""tan20250131t041801c00s4001-A"", ""tan20250509t042443c00s4001-A"", ""tan20250801t043627c33s4001-A"", ""tan20250905t044131c73s4001-A"", ""tan20250919t044315c71s4001-A"", ""tan20250919t044315c71s4001-B"", ""tan20251114t045112c19s4001-A"", ""tan20251226t045848c67s4001-A"", ""tan20251226t045848c67s4001-B"", ""tan20260107t044924c16s4001-A"", ""tan20260107t044924c16s4001-B"", ""tan20260316t045602c69s4001-B"", ""tan20260316t045602c69s4001-C""]","[""tan20241219t040749c00s4001-A"", ""tan20250131t041801c00s4001-A"", ""tan20250509t042443c00s4001-A"", ""tan20250801t043627c33s4001-A"", ""tan20250905t044131c73s4001-A"", ""tan20250919t044315c71s4001-A"", ""tan20250919t044315c71s4001-B"", ""tan20251114t045112c19s4001-A"", ""tan20251226t045848c67s4001-A"", ""tan20251226t045848c67s4001-B"", ""tan20260107t044924c16s4001-A"", ""tan20260107t044924c16s4001-B"", ""tan20260316t045602c69s4001-B"", ""tan20260316t045602c69s4001-C""]",14,0,Thailand,THA,6A,Solid waste / landfill,14,10,10,9,5,64.3,696.1143619945083,2024-12-19 04:07:49+00:00,2026-03-16 04:56:02.690000+00:00,True,Mixed public and hidden rates,Tier 3: partly quantified,0
CM500-ac1926fef7,CH4_6A_500m_125.55288_7.14919?bbox=92.0&bbox=,125.55287865959733,7.149189606775076,CH4,6A,10,802.841690313211,182.5925459274059,10,11,0.9090909090909091,10,2025-02-19,2026-04-04,2025-05-16,2026-05-04,11,"[""0e799120-30bb-4f5f-8e93-456f8f2b4d04:tan20251015t030203c66s4001"", ""19da7c59-36b8-4682-a8ed-d3c27f3cda36:tan20250702t024744c58s4001"", ""23bd5eb2-7b15-408f-a6cc-7df60aafa0eb:tan20250219t023037c00s4001"", ""25ece1ef-ae58-48b5-910a-0826ff7d193e:tan20250618t024529c58s4001"", ""608b3183-2b34-42de-aa76-83101f60835c:tan20250730t025131c58s4001"", ""a321fe89-457a-44a1-ad75-04bd8db5688e:tan20251203t030939c37s4001"", ""ab49e164-55cc-499b-a8fc-fd2b94814df2:tan20260411t031640c37s4001"", ""b4da1698-1a60-457b-bb0a-073eb34a2edc:tan20260316t032500c44s4001"", ""bdbb1a66-4705-4e56-9da4-db48c2652592:tan20251105t030520c63s4001"", ""d3e74671-0251-4de2-858c-6a0b5de04ce5:tan20260328t031507c43s4001"", ""e4c5ca03-e1f1-413c-99f2-0affd51c063d:tan20260404t031654c12s4001""]","[""tan20250219t023037c00s4001-A"", ""tan20250618t024529c58s4001-A"", ""tan20250702t024744c58s4001-A"", ""tan20250730t025131c58s4001-A"", ""tan20251015t030203c66s4001-A"", ""tan20251105t030520c63s4001-A"", ""tan20251203t030939c37s4001-A"", ""tan20260316t032500c44s4001-A"", ""tan20260328t031507c43s4001-A"", ""tan20260404t031654c12s4001-A""]","[""tan20250219t023037c00s4001-A"", ""tan20250618t024529c58s4001-A"", ""tan20250702t024744c58s4001-A"", ""tan20250730t025131c58s4001-A"", ""tan20251015t030203c66s4001-A"", ""tan20251105t030520c63s4001-A"", ""tan20251203t030939c37s4001-A"", ""tan20260316t032500c44s4001-A"", ""tan20260328t031507c43s4001-A"", ""tan20260404t031654c12s4001-A""]",10,0,Philippines,PHL,6A,Solid waste / landfill,10,10,10,9,1,90.0,751.3393582034315,2025-02-19 02:30:37+00:00,2026-04-04 03:16:54.120000+00:00,True,Mixed public and hidden rates,Tier 3: partly quantified,1
CM500-3ecae5a435,CH4_6A_500m_114.17284_22.54693?bbox=92.0&bbox=,114.17283822630816,22.546925750535365,CH4,6A,11,4091.678912954954,551.8921555359319,8,8,1.0,8,2025-04-03,2026-05-30,2025-05-03,2026-06-29,8,"[""0340430b-068f-4197-8e44-d48947e2d825:tan20251218t040111c06s4001"", ""56e1a39d-5b09-4f49-b2ac-16be96bd849e:tan20260115t040911c11s4001"", ""62381818-eff8-4858-81f1-c122fd8a2919:tan20260530t042114c47s4001"", ""935f63f0-ea14-4e3f-9b7e-ecc9dcd3f445:tan20250927t040200c96s4001"", ""9b45d558-2876-481f-bfc2-5695e0d5a81d:tan20250403t032440c00s4001"", ""9fcbcc39-2f8b-4f74-a1b4-332c707f5a4c:tan20250410t032526c00s4001"", ""d6992bf5-7ec3-45ee-b3e6-8ac704461fcc:tan20260507t042325c51s4001"", ""fd7ea60d-178a-4783-a6ae-6ce48a2fbabc:tan20250522t033150c40s4001""]","[""tan20250403t032440c00s4001-A"", ""tan20250410t032526c00s4001-A"", ""tan20250522t033150c40s4001-A"", ""tan20250927t040200c96s4001-A"", ""tan20251218t040111c06s4001-A"", ""tan20251218t040111c06s4001-D"", ""tan20260115t040911c11s4001-B"", ""tan20260507t042325c51s4001-A"", ""tan20260507t042325c51s4001-B"", ""tan20260530t042114c47s4001-A"", ""tan20260530t042114c47s4001-B""]","[""tan20250403t032440c00s4001-A"", ""tan20250410t032526c00s4001-A"", ""tan20250522t033150c40s4001-A"", ""tan20250927t040200c96s4001-A"", ""tan20251218t040111c06s4001-A"", ""tan20251218t040111c06s4001-D"", ""tan20260115t040911c11s4001-B"", ""tan20260507t042325c51s4001-A"", ""tan20260507t042325c51s4001-B"", ""tan20260530t042114c47s4001-A"", ""tan20260530t042114c47s4001-B""]",11,0,Hong Kong,HKG,6A,Solid waste / landfill,11,8,8,8,3,72.7,2133.835906843867,2025-04-03 03:24:40+00:00,2026-05-30 04:21:14.470000+00:00,True,Mixed public and hidden rates,Tier 3: partly quantified,0
CM500-53e7301000,CH4_6A_500m_100.62324_5.41453?bbox=92.0&bbox=,100.62323879955609,5.414529498046596,CH4,6A,10,986.6798679294066,275.4715359916423,8,8,1.0,8,2025-06-04,2026-03-23,2025-07-04,2026-04-22,8,"[""5c518854-2bd3-4548-8872-33f3cc7f3ce3:tan20251114t045307c48s4001"", ""60dd5017-707f-41d3-a45d-0b58a2ec22a1:tan20250604t041710c58s4001"", ""8cbd5a14-7de1-4e25-8e35-33ba124429d6:tan20251210t044346c41s4001"", ""90ae6c3c-dcfc-4fd9-afec-5b568fac184b:tan20251015t043554c08s4001"", ""95259284-8ebb-4c5b-8809-34691baf98bf:tan20250919t044537c23s4001"", ""bff2b794-023b-46db-9d5b-f6a0783d19ad:tan20250820t042820c16s4001"", ""e2323b5a-a91c-4135-9e94-6c1bd7fea67a:tan20250829t044250c20s4001"", ""f61df29e-a304-45b7-9733-f3face346fcd:tan20260323t050100c36s4001""]","[""tan20250604t041710c58s4001-A"", ""tan20250820t042820c16s4001-A"", ""tan20250829t044250c20s4001-A"", ""tan20250919t044537c23s4001-A"", ""tan20251015t043554c08s4001-A"", ""tan20251114t045307c48s4001-A"", ""tan20251210t044346c41s4001-A"", ""tan20251210t044346c41s4001-B"", ""tan20260323t050100c36s4001-A"", ""tan20260323t050100c36s4001-B""]","[""tan20250604t041710c58s4001-A"", ""tan20250820t042820c16s4001-A"", ""tan20250829t044250c20s4001-A"", ""tan20250919t044537c23s4001-A"", ""tan20251015t043554c08s4001-A"", ""tan20251114t045307c48s4001-A"", ""tan20251210t044346c41s4001-A"", ""tan20251210t044346c41s4001-B"", ""tan20260323t050100c36s4001-A"", ""tan20260323t050100c36s4001-B""]",10,0,Malaysia,MYS,6A,Solid waste / landfill,10,8,8,6,4,60.0,672.5897536793527,2025-06-04 04:17:10.580000+00:00,2026-03-23 05:01:00.360000+00:00,True,Mixed public and hidden rates,Tier 3: partly quantified,0
CM500-8b3c9b95fb,CH4_6A_500m_103.71850_1.65920?bbox=92.0&bbox=,103.71849533403658,1.659201290282744,CH4,6A,9,987.8559537357654,277.14287392700805,8,8,1.0,8,2025-06-09,2026-05-04,2025-07-09,2026-06-03,8,"[""0120958c-ca0a-4b80-9c95-87ca74ec689e:tan20260321t044710c45s4001"", ""102d5a97-c153-4061-bdb3-6948d3720044:tan20260425t044805c63s4001"", ""36a5beeb-3bf4-4183-a9f2-5c2a6029a8aa:tan20260504t045714c30s4001"", ""607019cd-705c-4e12-ae73-76aa486abf7c:tan20250922t042033c88s4001"", ""803b5ecc-862f-4c81-b98b-56a219acd681:tan20250609t040529c58s4001"", ""aed3066c-1bfd-43df-b811-c4e2e0863607:tan20260418t045000c61s4001"", ""f704839f-c607-4247-aa60-b4b0a85c55cd:tan20260228t044100c44s4001"", ""fd97c38f-cb16-4a6b-b514-f88d3c4350fc:tan20251117t042818c76s4001""]","[""tan20250609t040529c58s4001-A"", ""tan20250609t040529c58s4001-B"", ""tan20250922t042033c88s4001-A"", ""tan20251117t042818c76s4001-A"", ""tan20260228t044100c44s4001-A"", ""tan20260321t044710c45s4001-A"", ""tan20260418t045000c61s4001-A"", ""tan20260425t044805c63s4001-A"", ""tan20260504t045714c30s4001-A""]","[""tan20250609t040529c58s4001-A"", ""tan20250609t040529c58s4001-B"", ""tan20250922t042033c88s4001-A"", ""tan20251117t042818c76s4001-A"", ""tan20260228t044100c44s4001-A"", ""tan20260321t044710c45s4001-A"", ""tan20260418t045000c61s4001-A"", ""tan20260425t044805c63s4001-A"", ""tan20260504t045714c30s4001-A""]",9,0,Malaysia,MYS,6A,Solid waste / landfill,9,8,8,5,4,55.6,1080.5846236553214,2025-06-09 04:05:29.580000+00:00,2026-05-04 04:57:14.300000+00:00,True,Mixed public and hidden rates,Tier 3: partly quantified,0
CM500-07bf199048,CH4_other_500m_112.71148_,112.71148422613571,-7.527659490697173,CH4,other,8,274.8403373327016,53.17070432886998,8,8,1.0,8,2024-10-26,2026-03-15,2025-06-12,2026-04-14,8,"[""1cedc40d-6001-4a35-947b-2a3cb341dea1:tan20260315t040756c47s4001"", ""20a61b0b-1d85-4c16-8984-62b720f2e7bf:tan20251007t034437c67s4001"", ""243400b2-9c6b-4011-8006-f435a236ebf8:tan20250304t031537c00s4001"", ""27f0029f-1bce-45b4-aa6b-563e57f00e1a:tan20241026t025418c00s4001"", ""49d59be3-4ca6-4c14-b107-295b1df25b6c:tan20250916t034208c84s4001"", ""dda46441-235b-45c2-b0a2-17b821a26dfa:tan20251125t035141c01s4001"", ""df0dfc25-af5f-4bfd-bc95-990e9f2f9edd:tan20250812t033705c68s4001"", ""e13b6316-71f0-4ec3-9f25-22cf831b69c2:tan20250610t032801c58s4001""]","[""tan20241026t025418c00s4001-A"", ""tan20250304t031537c00s4001-B"", ""tan20250610t032801c58s4001-A"", ""tan20250812t033705c68s4001-A"", ""tan20250916t034208c84s4001-A"", ""tan20251007t034437c67s4001-A"", ""tan20251125t035141c01s4001-A"", ""tan20260315t040756c47s4001-B""]","[""tan20241026t025418c00s4001-A"", ""tan20250304t031537c00s4001-B"", ""tan20250610t032801c58s4001-A"", ""tan20250812t033705c68s4001-A"", ""tan20250916t034208c84s4001-A"", ""tan20251007t034437c67s4001-A"", ""tan20251125t035141c01s4001-A"", ""tan20260315t040756c47s4001-B""]",8,0,Indonesia,IDN,other,Other / unclassified,8,8,8,1,7,12.5,274.8403373327016,2024-10-26 02:54:18+00:00,2026-03-15 04:07:56.470000+00:00,True,Mixed public and hidden rates,Tier 3: partly quantified,0
CM500-6403356d12,CH4_6A_500m_119.49090_,119.49089602797149,-5.175327091521734,CH4,6A,8,388.48908637330914,199.7633206464725,8,9,0.8888888888888888,8,2025-06-06,2026-05-31,2025-07-06,2026-06-30,9,"[""095b3749-0928-4417-8cdd-9ad24f47fc29:tan20250905t031324c75s4001"", ""2b3a344f-5ce5-442e-b3fa-cba5f0178d50:tan20260130t034102c31s4001"", ""5a6aae4a-2f56-4533-9112-82cb7e40f1a6:tan20260408t034625c15s4001"", ""6679fec8-f283-424a-a437-d046c8ad1355:tan20250606t030011c58s4001"", ""77a4ce47-9491-4552-b81f-6166f4c5f627:tan20260531t034710c72s4001"", ""99ef4111-5a39-42c8-be38-5f2bccc62664:tan20260330t033224c36s4001"", ""addcf932-f790-443e-9691-333275c16ffc:tan20251107t032209c67s4001"", ""b27ede84-25bd-4c11-ac46-c6160cc62b25:tan20250822t031119c76s4001"", ""ea06a7a9-ef86-4360-a20c-669834e2e588:tan20250829t031221c76s4001""]","[""tan20250606t030011c58s4001-A"", ""tan20250822t031119c76s4001-A"", ""tan20250829t031221c76s4001-A"", ""tan20251107t032209c67s4001-A"", ""tan20260130t034102c31s4001-A"", ""tan20260330t033224c36s4001-A"", ""tan20260408t034625c15s4001-A"", ""tan20260531t034710c72s4001-A""]","[""tan20250606t030011c58s4001-A"", ""tan20250822t031119c76s4001-A"", ""tan20250829t031221c76s4001-A"", ""tan20251107t032209c67s4001-A"", ""tan20260130t034102c31s4001-A"", ""tan20260330t033224c36s4001-A"", ""tan20260408t034625c15s4001-A"", ""tan20260531t034710c72s4001-A""]",8,0,Indonesia,IDN,6A,Solid waste / landfill,8,8,8,3,5,37.5,300.02328114076096,2025-06-06 03:00:11.580000+00:00,2026-05-31 03:47:10.720000+00:00,True,Mixed public and hidden rates,Tier 3: partly quantified,1
CM500-17f5d3eb36,CH4_6A_500m_106.99620_,106.99620043513369,-6.356786709481929,CH4,6A,7,687.4547750674761,146.17395236224968,7,7,1.0,7,2025-04-19,2025-11-01,2025-08-19,2025-12-01,7,"[""0b94efa5-389d-4261-90e5-6a0befa9a55f:tan20250913t040749c85s4001"", ""202440ee-66d6-412c-999c-ba210e54158a:tan20250823t040443c73s4001"", ""8cbb5321-25a7-4b79-a4be-4eda118be269:tan20250802t040201c53s4001"", ""b01e3c6f-8aa3-41f1-b4b6-ffeb95653a1e:tan20250614t035459c18s4001"", ""b48e8902-6e06-4c14-bbed-ff817e126224:tan20250621t035600c58s4001"", ""f40067be-dbc0-4507-8872-e9ac36213d5c:tan20250419t034721c00s4001"", ""f5199e9f-b5ec-4362-b572-9520854c1a6f:tan20251101t041430c92s4001""]","[""tan20250419t034721c00s4001-C"", ""tan20250614t035459c18s4001-F"", ""tan20250621t035600c58s4001-I"", ""tan20250802t040201c53s4001-B"", ""tan20250823t040443c73s4001-B"", ""tan20250913t040749c85s4001-G"", ""tan20251101t041430c92s4001-E""]","[""tan20250419t034721c00s4001-C"", ""tan20250614t035459c18s4001-F"", ""tan20250621t035600c58s4001-I"", ""tan20250802t040201c53s4001-B"", ""tan20250823t040443c73s4001-B"", ""tan20250913t040749c85s4001-G"", ""tan20251101t041430c92s4001-E""]",7,0,Indonesia,IDN,6A,Solid waste / landfill,7,7,7,2,5,28.6,687.4547750674761,2025-04-19 03:47:21+00:00,2025-11-01 04:14:30.920000+00:00,True,Mixed public and hidden rates,Tier 3: partly quantified,0
CM500-ee9394adc5,CH4_6A_500m_107.01940_,107.0194008688256,-6.350922611347146,CH4,6A,7,811.1750427037698,224.01754741658328,7,7,1.0,7,2025-02-15,2026-04-21,2025-07-21,2026-05-21,7,"[""0b94efa5-389d-4261-90e5-6a0befa9a55f:tan20250913t040749c85s4001"", ""261b5043-5859-4890-a7c7-6de513c82dbd:tan20260421t042433c00s4001"", ""81961baa-de6f-45f5-8eb0-0a8e5223ac6a:tan20250503t034901c00s4001"", ""8cbb5321-25a7-4b79-a4be-4eda118be269:tan20250802t040201c53s4001"", ""b01e3c6f-8aa3-41f1-b4b6-ffeb95653a1e:tan20250614t035459c18s4001"", ""b48e8902-6e06-4c14-bbed-ff817e126224:tan20250621t035600c58s4001"", ""c730e30e-1f89-4147-8404-4e1e80550601:tan20250215t033949c00s4001""]","[""tan20250215t033949c00s4001-B"", ""tan20250503t034901c00s4001-C"", ""tan20250614t035459c18s4001-E"", ""tan20250621t035600c58s4001-B"", ""tan20250802t040201c53s4001-C"", ""tan20250913t040749c85s4001-I"", ""tan20260421t042433c00s4001-D""]","[""tan20250215t033949c00s4001-B"", ""tan20250503t034901c00s4001-C"", ""tan20250614t035459c18s4001-E"", ""tan20250621t035600c58s4001-B"", ""tan20250802t040201c53s4001-C"", ""tan20250913t040749c85s4001-I"", ""tan20260421t042433c00s4001-D""]",7,0,Indonesia,IDN,6A,Solid waste / landfill,7,7,7,5,2,71.4,716.8218803405762,2025-02-15 03:39:49+00:00,2026-04-21 04:24:33+00:00,True,Mixed public and hidden rates,Tier 3: partly quantified,0
CM500-884b5032de,CH4_6A_500m_96.18502_16.91916?bbox=92.0&bbox=,96.18502410547823,16.919160155554085,CH4,6A,8,858.5098506267577,200.36881302443135,5,6,0.8333333333333334,5,2025-04-22,2026-04-10,2025-05-22,2026-05-10,6,"[""04a0916c-2948-4f34-b658-b3540e2b3c42:tan20250422t044821c00s4001"", ""313c0899-cd78-458b-98d8-137da71b4d78:tan20260410t052726c20s4001"", ""3322b9bc-f723-40b6-b707-3db62ef3dc6e:tan20260111t051538c57s4001"", ""770e8a27-721c-4db6-8d6a-0916e3af6297:tan20251116t050352c92s4001"", ""93150a73-b2dc-4fad-9155-70a89d5b87bd:tan20251021t051327c98s4001"", ""a1adac07-7e03-4060-a520-097a1c63ff33:tan20251202t051959c54s4001""]","[""tan20250422t044821c00s4001-A"", ""tan20250422t044821c00s4001-B"", ""tan20251021t051327c98s4001-A"", ""tan20251116t050352c92s4001-A"", ""tan20251116t050352c92s4001-B"", ""tan20251202t051959c54s4001-A"", ""tan20260410t052726c20s4001-A"", ""tan20260410t052726c20s4001-B""]","[""tan20250422t044821c00s4001-A"", ""tan20250422t044821c00s4001-B"", ""tan20251021t051327c98s4001-A"", ""tan20251116t050352c92s4001-A"", ""tan20251116t050352c92s4001-B"", ""tan20251202t051959c54s4001-A"", ""tan20260410t052726c20s4001-A"", ""tan20260410t052726c20s4001-B""]",8,0,Myanmar,MMR,6A,Solid waste / landfill,8,5,5,6,2,75.0,573.1836829739293,2025-04-22 04:48:21+00:00,2026-04-10 05:27:26.200000+00:00,True,Mixed public and hidden rates,Tier 3: partly quantified,1
CM500-f24278e7fd,CH4_6A_500m_110.34394_1.37749?bbox=92.0&bbox=,110.34394109259888,1.3774923228482856,CH4,6A,7,569.1506818382237,262.89630054997446,5,5,1.0,5,2025-03-15,2026-05-23,2026-05-29,2026-06-22,5,"[""1c700f4c-f4cf-4359-8ae7-589dea906477:tan20260521t041956c05s4001"", ""29da3fc4-59fb-49c1-940b-d54203970d67:tan20260523t043139c14s4001"", ""585522fb-591f-48b0-9a61-07ff32eedece:tan20260317t041924c43s4001"", ""6ee05ee0-9d63-4f1d-be0e-599d6bf64758:tan20260303t041545c26s4001"", ""c8c74957-c63c-4d61-979f-fe0bb2c9bf5a:tan20250315t034100c00s4001""]","[""tan20250315t034100c00s4001-A"", ""tan20250315t034100c00s4001-B"", ""tan20260303t041545c26s4001-A"", ""tan20260303t041545c26s4001-B"", ""tan20260317t041924c43s4001-A"", ""tan20260521t041956c05s4001-A"", ""tan20260523t043139c14s4001-A""]","[""tan20250315t034100c00s4001-A"", ""tan20250315t034100c00s4001-B"", ""tan20260303t041545c26s4001-A"", ""tan20260303t041545c26s4001-B"", ""tan20260317t041924c43s4001-A"", ""tan20260521t041956c05s4001-A"", ""tan20260523t043139c14s4001-A""]",7,0,Malaysia,MYS,6A,Solid waste / landfill,7,5,5,4,3,57.1,376.5110285740846,2025-03-15 03:41:00+00:00,2026-05-23 04:31:39.140000+00:00,True,Mixed public and hidden rates,Tier 3: partly quantified,0
CM500-703a0f1a8e,CH4_6A_500m_115.22119_,115.22118845620916,-8.722101395641527,CH4,6A,6,497.44257330970566,113.98937786912263,5,6,0.8333333333333334,5,2025-04-20,2026-03-20,2026-02-03,2026-04-19,6,"[""514810f7-860b-41e1-91f4-9458e7929a39:tan20260118t035218c49s4001"", ""8c72dea8-3a12-463a-bdf9-52191f81e4a6:tan20250202t030408c00s4001"", ""bb18aae6-a2fc-4ecb-be29-76321a1207d1:tan20250525t031347c58s4001"", ""d9ae313d-7d23-4b1c-8d41-f6663ef613d7:tan20260320t035706c51s4001"", ""e326f6cb-8663-4ba2-a2f5-ac7f10079e65:tan20250420t030853c00s4001"", ""e472b6bc-83e6-4a13-b9c3-6faef99cd41c:tan20250629t031759c58s4001""]","[""tan20250420t030853c00s4001-A"", ""tan20250525t031347c58s4001-A"", ""tan20250629t031759c58s4001-A"", ""tan20250629t031759c58s4001-B"", ""tan20260118t035218c49s4001-A"", ""tan20260320t035706c51s4001-A""]","[""tan20250420t030853c00s4001-A"", ""tan20250525t031347c58s4001-A"", ""tan20250629t031759c58s4001-A"", ""tan20250629t031759c58s4001-B"", ""tan20260118t035218c49s4001-A"", ""tan20260320t035706c51s4001-A""]",6,0,Indonesia,IDN,6A,Solid waste / landfill,6,5,5,2,4,33.3,596.9310879716468,2025-04-20 03:08:53+00:00,2026-03-20 03:57:06.510000+00:00,True,Mixed public and hidden rates,Tier 3: partly quantified,1
CM500-be7d89ab39,CH4_6A_500m_99.96192_14.05477?bbox=92.0&bbox=,99.9619157017083,14.054773552391127,CH4,6A,6,3860.132092988504,781.1910845702406,5,5,1.0,5,2025-01-03,2026-05-31,2025-02-02,2026-06-30,5,"[""033a747d-3c70-4015-8f64-73d17f0671e8:tan20250103t041216c00s4001"", ""16839d81-fe08-42f0-9f57-2c7cd01941d5:tan20260531t051516c36s4001"", ""71789bdb-aec7-4443-8ae9-b6c5979a7fbd:tan20260318t051007c70s4001"", ""c208b6f3-65b0-4de4-aab8-2cbe60e1bcd5:tan20260114t045129c40s4001"", ""f87dd09b-df89-4556-a671-f2f183710834:tan20251128t045302c00s4001""]","[""tan20250103t041216c00s4001-A"", ""tan20251128t045302c00s4001-A"", ""tan20260114t045129c40s4001-A"", ""tan20260318t051007c70s4001-A"", ""tan20260531t051516c36s4001-A"", ""tan20260531t051516c36s4001-B""]","[""tan20250103t041216c00s4001-A"", ""tan20251128t045302c00s4001-A"", ""tan20260114t045129c40s4001-A"", ""tan20260318t051007c70s4001-A"", ""tan20260531t051516c36s4001-A"", ""tan20260531t051516c36s4001-B""]",6,0,Thailand,THA,6A,Solid waste / landfill,6,5,5,4,2,66.7,3118.860328308082,2025-01-03 04:12:16+00:00,2026-05-31 05:15:16.360000+00:00,True,Mixed public and hidden rates,Tier 3: partly quantified,0
CM500-07d641fd3b,CH4_6A_500m_116.17581_6.10862?bbox=92.0&bbox=,116.17580966346645,6.108623552316786,CH4,6A,6,722.1742936316832,149.53737746307596,6,6,1.0,6,2025-08-19,2026-06-20,2025-09-18,2026-07-20,6,"[""03b2b3b7-5dd9-4caa-85e2-2bf2e29a3a93:tan20260620t040515c41s4001"", ""0f236544-c2c7-4c98-bb8d-bd91fc1981cc:tan20251202t034846c42s4001"", ""27dc0868-f9ac-4be2-ad6f-2d2f98fa6ae9:tan20250909t033745c73s4001"", ""4892ddb7-120a-4654-8d3d-395573ba12db:tan20250819t033432c67s4001"", ""5032b7e3-ba46-4607-a8d4-ef171efb828f:tan20260315t040434c44s4001"", ""dc403ce0-64e2-4eeb-b9a8-1d1848f3d816:tan20251014t034206c72s4001""]","[""tan20250819t033432c67s4001-A"", ""tan20250909t033745c73s4001-A"", ""tan20251014t034206c72s4001-A"", ""tan20251202t034846c42s4001-A"", ""tan20260315t040434c44s4001-A"", ""tan20260620t040515c41s4001-A""]","[""tan20250819t033432c67s4001-A"", ""tan20250909t033745c73s4001-A"", ""tan20251014t034206c72s4001-A"", ""tan20251202t034846c42s4001-A"", ""tan20260315t040434c44s4001-A""]",5,1,Malaysia,MYS,6A,Solid waste / landfill,5,5,5,3,2,60.0,585.1887316863846,2025-08-19 03:34:32.670000+00:00,2026-03-15 04:04:34.440000+00:00,True,Mixed public and hidden rates,Tier 3: partly quantified,0
CM500-2485bd9e07,CH4_6A_500m_107.13180_10.58074?bbox=92.0&bbox=,107.13179826011935,10.580737852036366,CH4,6A,6,1009.7886986885507,244.9133979883302,6,7,0.8571428571428571,6,2025-12-06,2026-06-12,2026-01-05,2026-07-12,7,"[""12d2f9f7-6361-4c16-b9f3-54ba618fdf2f:tan20260214t043510c90s4001"", ""13b730c5-5ef1-4db7-8fbe-e913b4cda531:tan20251208t042924c73s4001"", ""81d9f16d-b7e6-4bf5-a102-460525e9e64e:tan20251206t041539c50s4001"", ""a8629dcd-a447-4471-88ac-119801a10527:tan20260612t045127c88s4001"", ""b3d96392-c26c-4549-84d9-4ceb536b03de:tan20260425t044611c40s4001"", ""f79738d9-4ad8-4592-b762-357b925b0eda:tan20260509t043822c44s4001"", ""fae070a8-2454-48cb-a528-e2ad55709493:tan20250303t035048c00s4001""]","[""tan20251206t041539c50s4001-A"", ""tan20251208t042924c73s4001-C"", ""tan20260214t043510c90s4001-A"", ""tan20260425t044611c40s4001-A"", ""tan20260509t043822c44s4001-A"", ""tan20260612t045127c88s4001-A""]","[""tan20251206t041539c50s4001-A"", ""tan20251208t042924c73s4001-C"", ""tan20260214t043510c90s4001-A"", ""tan20260425t044611c40s4001-A"", ""tan20260509t043822c44s4001-A""]",5,1,Vietnam,VNM,6A,Solid waste / landfill,5,5,5,3,2,60.0,1095.3491219628233,2025-12-06 04:15:39.500000+00:00,2026-05-09 04:38:22.440000+00:00,True,Mixed public and hidden rates,Tier 3: partly quantified,1
CM500-aa3d4e17f9,CH4_1B1a_500m_115.48462_,115.48461726493603,-2.2202648122397997,CH4,1B1a,6,664.1095371026115,171.90813595374098,6,6,1.0,6,2025-02-25,2026-06-20,2025-06-10,2026-07-20,6,"[""1ade75ae-15bf-41e9-b051-c894a63cad1b:tan20260526t040339c78s4001"", ""40bccf3c-0b56-41f1-b270-d9f26301acfa:tan20260620t040717c65s4001"", ""7bbad910-8703-40a6-b027-8aef0b53655c:tan20260417t035752c65s4001"", ""83c75108-8cd9-4194-9595-67808a1d7e6b:tan20260604t040915c39s4001"", ""c2620585-859a-466f-8c5f-e510eebb4996:tan20250225t031308c00s4001"", ""ee1a1b1b-da43-4b17-a0ef-405d3f73b731:tan20250511t030934c00s4001""]","[""tan20250225t031308c00s4001-A"", ""tan20250511t030934c00s4001-A"", ""tan20260417t035752c65s4001-A"", ""tan20260526t040339c78s4001-A"", ""tan20260604t040915c39s4001-A"", ""tan20260620t040717c65s4001-A""]","[""tan20250225t031308c00s4001-A"", ""tan20250511t030934c00s4001-A"", ""tan20260417t035752c65s4001-A"", ""tan20260526t040339c78s4001-A"", ""tan20260604t040915c39s4001-A""]",5,1,Indonesia,IDN,1B1a,Coal mining,5,5,5,3,2,60.0,618.7795274094163,2025-02-25 03:13:08+00:00,2026-06-04 04:09:15.390000+00:00,True,Mixed public and hidden rates,Tier 3: partly quantified,0
CM500-ddf74cefc8,CH4_6A_500m_109.13458_13.74161?bbox=92.0&bbox=,109.1345790411116,13.741608087532331,CH4,6A,5,530.086605357627,186.22720521464504,5,5,1.0,5,2025-03-15,2026-03-26,2025-09-04,2026-04-25,5,"[""672f94e3-4b54-4ad1-a344-4f9aac521bee:tan20250816t035852c06s4001"", ""72868a7a-83a7-4c08-88a6-4ffab32f8186:tan20251004t040529c00s4001"", ""88423fe5-d544-4772-849e-c1668270b67c:tan20250315t033841c00s4001"", ""b7aff5ed-a4fb-46e3-934c-760e4f4df8e7:tan20250823t035956c04s4001"", ""fa1c0221-13bc-4ab3-a53f-eb86253239b4:tan20260326t043244c68s4001""]","[""tan20250315t033841c00s4001-A"", ""tan20250816t035852c06s4001-A"", ""tan20250823t035956c04s4001-A"", ""tan20251004t040529c00s4001-A"", ""tan20260326t043244c68s4001-A""]","[""tan20250315t033841c00s4001-A"", ""tan20250816t035852c06s4001-A"", ""tan20250823t035956c04s4001-A"", ""tan20251004t040529c00s4001-A"", ""tan20260326t043244c68s4001-A""]",5,0,Vietnam,VNM,6A,Solid waste / landfill,5,5,5,2,3,40.0,530.086605357627,2025-03-15 03:38:41+00:00,2026-03-26 04:32:44.680000+00:00,True,Mixed public and hidden rates,Tier 3: partly quantified,0
CM500-f12bbc24a3,CH4_6A_500m_106.64397_,106.64397363703864,-6.56618187942488,CH4,6A,5,713.9290288335485,293.6974844606874,5,5,1.0,5,2025-04-05,2026-06-08,2025-05-05,2026-07-08,5,"[""0aa77848-7821-43a0-bade-b4a8417a52aa:tan20250705t035824c33s4001"", ""284d0215-881f-480c-bae3-c3ef0ee09e58:tan20250405t034554c00s4001"", ""5baeb400-4c3b-4af6-83e8-d690e84af189:tan20260414t042604c61s4001"", ""c926374e-1dc3-4a55-bf9c-006ade85f87a:tan20260608t043254c92s4001"", ""f6f6c65a-5855-49be-9f1f-1b0658d6c33d:tan20251129t041831c11s4001""]","[""tan20250405t034554c00s4001-A"", ""tan20250705t035824c33s4001-A"", ""tan20251129t041831c11s4001-A"", ""tan20260414t042604c61s4001-A"", ""tan20260608t043254c92s4001-B""]","[""tan20250405t034554c00s4001-A"", ""tan20250705t035824c33s4001-A"", ""tan20251129t041831c11s4001-A"", ""tan20260414t042604c61s4001-A"", ""tan20260608t043254c92s4001-B""]",5,0,Indonesia,IDN,6A,Solid waste / landfill,5,5,5,2,3,40.0,713.9290288335485,2025-04-05 03:45:54+00:00,2026-06-08 04:32:54.920000+00:00,True,Mixed public and hidden rates,Tier 3: partly quantified,0
CM500-00cf8931de,CH4_6A_500m_123.92102_10.41628?bbox=92.0&bbox=,123.92101512392183,10.416277508584393,CH4,6A,6,1701.755910284593,317.9128373429829,4,4,1.0,4,2025-02-05,2026-03-16,2025-03-14,2026-04-15,4,"[""81a0d077-ddd6-4cff-a854-ac733d9e2e52:tan20251203t030823c44s4001"", ""de88a830-d747-41b9-b0c5-2b8781502b19:tan20260316t032352c95s4001"", ""e4b0212c-c1d0-4235-ada3-f57fb457359d:tan20260311t033551c74s4001"", ""ee3ef266-8404-4510-87e7-9c2f06bd1ff1:tan20250205t023102c00s4001""]","[""tan20250205t023102c00s4001-A"", ""tan20251203t030823c44s4001-A"", ""tan20260311t033551c74s4001-A"", ""tan20260311t033551c74s4001-B"", ""tan20260316t032352c95s4001-A"", ""tan20260316t032352c95s4001-B""]","[""tan20250205t023102c00s4001-A"", ""tan20251203t030823c44s4001-A"", ""tan20260311t033551c74s4001-A"", ""tan20260311t033551c74s4001-B"", ""tan20260316t032352c95s4001-A"", ""tan20260316t032352c95s4001-B""]",6,0,Philippines,PHL,6A,Solid waste / landfill,6,4,4,5,1,83.3,1372.207200592725,2025-02-05 02:31:02+00:00,2026-03-16 03:23:52.950000+00:00,True,Mixed public and hidden rates,Tier 3: partly quantified,0
CM500-e4e35f640f,CH4_6A_500m_106.43953_10.96599?bbox=92.0&bbox=,106.4395346358395,10.965988048730274,CH4,6A,5,1453.2968725980436,256.53382852343674,4,4,1.0,4,2025-08-11,2026-03-28,2025-09-10,2026-04-27,4,"[""13b730c5-5ef1-4db7-8fbe-e913b4cda531:tan20251208t042924c73s4001"", ""3cc8d7ee-8a02-416e-b784-e9fd22858b5c:tan20260328t044719c35s4001"", ""cc21f4ee-c41a-45e9-ba69-a9cfabd74d81:tan20250811t041149c61s4001"", ""f74dd71f-9358-4e80-9b36-2f0218d76df6:tan20260321t044507c99s4001""]","[""tan20250811t041149c61s4001-A"", ""tan20251208t042924c73s4001-B"", ""tan20260321t044507c99s4001-A"", ""tan20260328t044719c35s4001-A"", ""tan20260328t044719c35s4001-C""]","[""tan20250811t041149c61s4001-A"", ""tan20251208t042924c73s4001-B"", ""tan20260321t044507c99s4001-A"", ""tan20260328t044719c35s4001-A"", ""tan20260328t044719c35s4001-C""]",5,0,Vietnam,VNM,6A,Solid waste / landfill,5,4,4,4,1,80.0,999.4811750592095,2025-08-11 04:11:49.610000+00:00,2026-03-28 04:47:19.350000+00:00,True,Mixed public and hidden rates,Tier 3: partly quantified,0
CM500-afb9d32eea,CH4_6A_500m_112.76429_,112.76428888645232,-7.550756219233802,CH4,6A,4,486.34957808450355,113.8797305264938,4,6,0.6666666666666666,4,2025-08-05,2026-03-22,2025-09-04,2026-04-21,6,"[""0b931fd2-26a6-428f-8cd6-876030a9ba97:tan20260322t041032c39s4001"", ""1cedc40d-6001-4a35-947b-2a3cb341dea1:tan20260315t040756c47s4001"", ""20a61b0b-1d85-4c16-8984-62b720f2e7bf:tan20251007t034437c67s4001"", ""27f0029f-1bce-45b4-aa6b-563e57f00e1a:tan20241026t025418c00s4001"", ""66b0e359-353d-46a4-83c0-c0bb68c4857e:tan20250805t033610c58s4001"", ""dda46441-235b-45c2-b0a2-17b821a26dfa:tan20251125t035141c01s4001""]","[""tan20250805t033610c58s4001-A"", ""tan20251007t034437c67s4001-B"", ""tan20260315t040756c47s4001-A"", ""tan20260322t041032c39s4001-A""]","[""tan20250805t033610c58s4001-A"", ""tan20251007t034437c67s4001-B"", ""tan20260315t040756c47s4001-A"", ""tan20260322t041032c39s4001-A""]",4,0,Indonesia,IDN,6A,Solid waste / landfill,4,4,4,3,1,75.0,199.22908053603922,2025-08-05 03:36:10.580000+00:00,2026-03-22 04:10:32.390000+00:00,True,Mixed public and hidden rates,Tier 3: partly quantified,2
CM500-edabf81d6a,CH4_6A_500m_108.14315_16.03936?bbox=92.0&bbox=,108.1431534829039,16.03935863810362,CH4,6A,4,773.2884927794959,277.9281882711666,4,4,1.0,4,2025-06-23,2026-02-21,2025-07-23,2026-03-23,4,"[""1203616e-5d2d-499f-8806-7e395def9fb3:tan20260131t042916c69s4001"", ""51c70251-7c3a-4c35-acc0-5b535342a3f2:tan20250623t040354c58s4001"", ""8a748753-b2e2-4a33-96d5-20487b6b8824:tan20250811t041050c68s4001"", ""f89403a8-17c8-4578-9aa2-4c0f90842fff:tan20260221t043535c76s4001""]","[""tan20250623t040354c58s4001-A"", ""tan20250811t041050c68s4001-A"", ""tan20260131t042916c69s4001-A"", ""tan20260221t043535c76s4001-A""]","[""tan20250623t040354c58s4001-A"", ""tan20250811t041050c68s4001-A"", ""tan20260131t042916c69s4001-A"", ""tan20260221t043535c76s4001-A""]",4,0,Vietnam,VNM,6A,Solid waste / landfill,4,4,4,3,1,75.0,800.5158475869232,2025-06-23 04:03:54.580000+00:00,2026-02-21 04:35:35.760000+00:00,True,Mixed public and hidden rates,Tier 3: partly quantified,0
CM500-384aaa17c4,CH4_6A_500m_101.60348_2.73144?bbox=92.0&bbox=,101.6034813527154,2.731442949576888,CH4,6A,6,3183.7978720627525,857.25867914837,3,3,1.0,3,2025-04-16,2025-08-27,2025-05-16,2025-09-26,3,"[""5317a3f5-040b-44af-bd0b-1de40dcd6d35:tan20250827t042939c62s4001"", ""5fc67b85-d434-4a84-9ab2-d2e4be3bccef:tan20250611t041831c36s4001"", ""c20ebbd2-1124-4577-b78c-a7d8353fa627:tan20250416t041119c00s4001""]","[""tan20250416t041119c00s4001-A"", ""tan20250416t041119c00s4001-B"", ""tan20250611t041831c36s4001-B"", ""tan20250611t041831c36s4001-C"", ""tan20250611t041831c36s4001-D"", ""tan20250827t042939c62s4001-A""]","[""tan20250416t041119c00s4001-A"", ""tan20250416t041119c00s4001-B"", ""tan20250611t041831c36s4001-B"", ""tan20250611t041831c36s4001-C"", ""tan20250611t041831c36s4001-D"", ""tan20250827t042939c62s4001-A""]",6,0,Malaysia,MYS,6A,Solid waste / landfill,6,3,3,3,3,50.0,1657.580748995145,2025-04-16 04:11:19+00:00,2025-08-27 04:29:39.620000+00:00,True,Mixed public and hidden rates,Tier 3: partly quantified,0
CM500-d649cd310c,CH4_6A_500m_100.31955_14.00614?bbox=92.0&bbox=,100.31955310790988,14.006138230480286,CH4,6A,4,844.4416401306092,177.323871668885,3,3,1.0,3,2025-01-29,2026-03-18,2025-11-07,2026-04-17,3,"[""0cd5d0c3-0494-41ad-a97a-9d4e6ad2e75e:tan20260116t050539c46s4001"", ""71789bdb-aec7-4443-8ae9-b6c5979a7fbd:tan20260318t051007c70s4001"", ""e7f00e45-c566-46cb-9cf0-4bbc361b8655:tan20250129t040523c00s4001""]","[""tan20250129t040523c00s4001-B"", ""tan20260116t050539c46s4001-A"", ""tan20260116t050539c46s4001-B"", ""tan20260318t051007c70s4001-B""]","[""tan20250129t040523c00s4001-B"", ""tan20260116t050539c46s4001-A"", ""tan20260116t050539c46s4001-B"", ""tan20260318t051007c70s4001-B""]",4,0,Thailand,THA,6A,Solid waste / landfill,4,3,3,2,2,50.0,844.4416401306091,2025-01-29 04:05:23+00:00,2026-03-18 05:10:07.700000+00:00,True,Mixed public and hidden rates,Tier 3: partly quantified,0
CM500-0a6e6d83f2,CH4_6A_500m_110.35866_,110.35866407799612,-7.024886548383019,CH4,6A,3,446.0248144790812,123.32960191937208,3,4,0.75,3,2025-06-12,2026-03-10,2025-07-12,2026-04-09,4,"[""7f3305e2-c8d3-4731-87fc-bae655513841:tan20260106t040036c48s4001"", ""8c0a0f2a-0116-4324-a03b-83c80238ae8e:tan20250612t034129c58s4001"", ""c7c89126-0c15-4e63-98e0-979a5db4e940:tan20260310t041958c15s4001"", ""f0ce1347-00a3-407e-8d99-248434d57f10:tan20250731t034839c58s4001""]","[""tan20250612t034129c58s4001-A"", ""tan20260106t040036c48s4001-A"", ""tan20260310t041958c15s4001-A""]","[""tan20250612t034129c58s4001-A"", ""tan20260106t040036c48s4001-A"", ""tan20260310t041958c15s4001-A""]",3,0,Indonesia,IDN,6A,Solid waste / landfill,3,3,3,1,2,33.3,594.699752638775,2025-06-12 03:41:29.580000+00:00,2026-03-10 04:19:58.150000+00:00,True,Mixed public and hidden rates,Tier 3: partly quantified,1
CM500-8ca1eb50b6,CH4_6A_500m_96.02311_16.89363?bbox=92.0&bbox=,96.02310656890073,16.89362909366045,CH4,6A,3,127.69155438731494,45.31077680118093,3,5,0.6,3,2024-12-31,2026-04-10,2025-03-10,2026-05-10,5,"[""02ad364f-4ab3-432c-8cf0-c2f4b20beb1e:tan20260519t053709c13s4001"", ""313c0899-cd78-458b-98d8-137da71b4d78:tan20260410t052726c20s4001"", ""6e867067-a6bc-4618-82c4-08e8f706a362:tan20241231t042918c00s4001"", ""7c707b8d-0aaa-46d7-912e-73aca4d546c3:tan20250211t044110c00s4001"", ""a1adac07-7e03-4060-a520-097a1c63ff33:tan20251202t051959c54s4001""]","[""tan20241231t042918c00s4001-A"", ""tan20251202t051959c54s4001-B"", ""tan20260410t052726c20s4001-C""]","[""tan20241231t042918c00s4001-A"", ""tan20251202t051959c54s4001-B"", ""tan20260410t052726c20s4001-C""]",3,0,Myanmar,MMR,6A,Solid waste / landfill,3,3,3,2,1,66.7,212.81925731219155,2024-12-31 04:29:18+00:00,2026-04-10 05:27:26.200000+00:00,True,Mixed public and hidden rates,Tier 3: partly quantified,2
CM500-942d7b17da,CH4_other_500m_117.65830_0.72419?bbox=92.0&bbox=,117.65830251077993,0.7241946119928855,CH4,other,3,351.59521694770456,153.8055331079959,3,3,1.0,3,2025-03-02,2026-03-18,2025-07-21,2026-04-17,3,"[""52930097-d529-4f23-ae5f-e1833f6c25f0:tan20250302t025947c00s4001"", ""f03b3df8-67a4-4b0b-9e46-86a1ed70faee:tan20250713t031730c96s4001"", ""f7e33ed1-39a1-47c6-b089-d8e708703aea:tan20260318t034034c50s4001""]","[""tan20250302t025947c00s4001-A"", ""tan20250713t031730c96s4001-A"", ""tan20260318t034034c50s4001-A""]","[""tan20250302t025947c00s4001-A"", ""tan20250713t031730c96s4001-A"", ""tan20260318t034034c50s4001-A""]",3,0,Indonesia,IDN,other,Other / unclassified,3,3,3,2,1,66.7,351.59521694770456,2025-03-02 02:59:47+00:00,2026-03-18 03:40:34.500000+00:00,True,Mixed public and hidden rates,Tier 3: partly quantified,0
CM500-9f80453c2c,CH4_6A_500m_105.83546_21.33408?bbox=92.0&bbox=,105.83545526147718,21.3340801794058,CH4,6A,3,1024.3779342519338,209.32122667620243,3,3,1.0,3,2025-04-16,2026-05-27,2025-05-16,2026-06-26,3,"[""21b5b2f7-a773-492f-aebc-98a859eca9f5:tan20250416t040627c00s4001"", ""2ef498ae-e137-4766-953f-316258358b6c:tan20250709t041828c55s4001"", ""cd0f998c-e9c7-4a42-8825-5a0188f6f076:tan20260527t045032c51s4001""]","[""tan20250416t040627c00s4001-A"", ""tan20250709t041828c55s4001-A"", ""tan20260527t045032c51s4001-A""]","[""tan20250416t040627c00s4001-A"", ""tan20250709t041828c55s4001-A"", ""tan20260527t045032c51s4001-A""]",3,0,Vietnam,VNM,6A,Solid waste / landfill,3,3,3,2,1,66.7,1024.3779342519338,2025-04-16 04:06:27+00:00,2026-05-27 04:50:32.510000+00:00,True,Mixed public and hidden rates,Tier 3: partly quantified,0
CM500-f999aaa8f6,CH4_6A_500m_98.64988_3.71832?bbox=92.0&bbox=,98.64988056645338,3.7183170653300426,CH4,6A,3,83.50555623391077,37.974292118803504,3,3,1.0,3,2025-12-12,2026-05-22,2026-01-15,2026-06-21,3,"[""08e87904-7a56-4e1a-aaa4-c5875aca411d:tan20260522t051223c46s4001"", ""24dd4e13-d7f5-436e-9713-371a19dc0986:tan20251212t045843c41s4001"", ""8d9285a6-302f-4ba7-a607-cfa25a134d76:tan20260225t050656c65s4001""]","[""tan20251212t045843c41s4001-A"", ""tan20260225t050656c65s4001-A"", ""tan20260522t051223c46s4001-A""]","[""tan20251212t045843c41s4001-A"", ""tan20260225t050656c65s4001-A"", ""tan20260522t051223c46s4001-A""]",3,0,Indonesia,IDN,6A,Solid waste / landfill,3,3,3,1,2,33.3,83.50555623391077,2025-12-12 04:58:43.410000+00:00,2026-05-22 05:12:23.460000+00:00,True,Mixed public and hidden rates,Tier 3: partly quantified,0
CM500-80f7cd3d7b,CH4_6A_500m_101.36068_3.18882?bbox=92.0&bbox=,101.36068143279375,3.1888213492253237,CH4,6A,3,4491.09423468832,1263.5390767664205,2,2,1.0,2,2025-05-07,2025-07-09,2025-06-06,2025-08-08,2,"[""ddd84d6a-958b-47ff-bd62-4dab4f2bbe56:tan20250507t041347c00s4001"", ""f990b102-2e79-45ba-a7d4-6c725bc1a48f:tan20250709t042254c33s4001""]","[""tan20250507t041347c00s4001-A"", ""tan20250507t041347c00s4001-D"", ""tan20250709t042254c33s4001-A""]","[""tan20250507t041347c00s4001-A"", ""tan20250507t041347c00s4001-D"", ""tan20250709t042254c33s4001-A""]",3,0,Malaysia,MYS,6A,Solid waste / landfill,3,2,2,2,1,66.7,4491.09423468832,2025-05-07 04:13:47+00:00,2025-07-09 04:22:54.330000+00:00,True,Mixed public and hidden rates,Tier 3: partly quantified,0
CM500-13e2da0433,CH4_6A_500m_106.78802_,106.78802331708548,-6.422614898566729,CH4,6A,3,1010.4926173020958,179.7564557098317,3,3,1.0,3,2025-04-05,2026-06-17,2025-05-05,2026-07-17,3,"[""284d0215-881f-480c-bae3-c3ef0ee09e58:tan20250405t034554c00s4001"", ""7722c65d-0dfe-40c4-b192-0e664269d594:tan20260312t043323c07s4001"", ""a26f008b-bc7a-4c9a-81c4-cf2360de0381:tan20260617t043731c74s4001""]","[""tan20250405t034554c00s4001-B"", ""tan20260312t043323c07s4001-A"", ""tan20260617t043731c74s4001-A""]","[""tan20250405t034554c00s4001-B"", ""tan20260312t043323c07s4001-A""]",2,1,Indonesia,IDN,6A,Solid waste / landfill,2,2,2,1,1,50.0,1304.8346202820537,2025-04-05 03:45:54+00:00,2026-03-12 04:33:23.070000+00:00,True,Mixed public and hidden rates,Tier 3: partly quantified,0
CM500-16ce725463,CH4_6A_500m_106.41871_10.97259?bbox=92.0&bbox=,106.4187138990687,10.97258894478226,CH4,6A,2,648.3902268576438,141.21891155562096,2,2,1.0,2,2025-12-08,2026-03-28,2026-01-07,2026-04-27,2,"[""13b730c5-5ef1-4db7-8fbe-e913b4cda531:tan20251208t042924c73s4001"", ""3cc8d7ee-8a02-416e-b784-e9fd22858b5c:tan20260328t044719c35s4001""]","[""tan20251208t042924c73s4001-A"", ""tan20260328t044719c35s4001-B""]","[""tan20251208t042924c73s4001-A"", ""tan20260328t044719c35s4001-B""]",2,0,Vietnam,VNM,6A,Solid waste / landfill,2,2,2,1,1,50.0,648.3902268576438,2025-12-08 04:29:24.730000+00:00,2026-03-28 04:47:19.350000+00:00,True,Mixed public and hidden rates,Tier 3: partly quantified,0
CM500-53d0093740,CH4_1B2_500m_95.64504_16.96378?bbox=92.0&bbox=,95.64503802697627,16.963780759255776,CH4,1B2,2,817.6928472187783,218.44697181377322,2,2,1.0,2,2025-05-06,2025-12-16,2025-06-05,2026-01-15,2,"[""1a99d3c8-e9bf-4085-b67b-71e8711ed40c:tan20250506t045043c00s4001"", ""6936d9c7-84cc-4d6a-9048-9dc12b9e0c09:tan20251216t052114c23s4001""]","[""tan20250506t045043c00s4001-B"", ""tan20251216t052114c23s4001-A""]","[""tan20250506t045043c00s4001-B"", ""tan20251216t052114c23s4001-A""]",2,0,Myanmar,MMR,1B2,Oil and gas,2,2,2,1,1,50.0,817.6928472187783,2025-05-06 04:50:43+00:00,2025-12-16 05:21:14.230000+00:00,True,Mixed public and hidden rates,Tier 3: partly quantified,0
CM500-7f6757d919,CH4_6A_500m_123.93529_10.42448?bbox=92.0&bbox=,123.93529435468754,10.42447655319161,CH4,6A,2,526.7590310848414,175.93255186667747,2,2,1.0,2,2026-03-11,2026-03-16,2026-04-10,2026-04-15,2,"[""de88a830-d747-41b9-b0c5-2b8781502b19:tan20260316t032352c95s4001"", ""e4b0212c-c1d0-4235-ada3-f57fb457359d:tan20260311t033551c74s4001""]","[""tan20260311t033551c74s4001-C"", ""tan20260316t032352c95s4001-C""]","[""tan20260311t033551c74s4001-C"", ""tan20260316t032352c95s4001-C""]",2,0,Philippines,PHL,6A,Solid waste / landfill,2,2,2,1,1,50.0,526.7590310848414,2026-03-11 03:35:51.740000+00:00,2026-03-16 03:23:52.950000+00:00,True,Mixed public and hidden rates,Tier 3: partly quantified,0
CM500-8dcf42feef,CH4_6A_500m_106.65784_11.17860?bbox=92.0&bbox=,106.65783645252745,11.17859837804179,CH4,6A,2,700.2529385125276,190.6569789696283,2,2,1.0,2,2025-12-15,2026-01-12,2026-01-28,2026-02-11,2,"[""4b27c9ed-0328-46df-b678-a43c34a3b77a:tan20251215t043004c04s4001"", ""da00cdf5-16c0-4fc6-bf97-cf25f360bacc:tan20260112t043730c98s4001""]","[""tan20251215t043004c04s4001-A"", ""tan20260112t043730c98s4001-D""]","[""tan20251215t043004c04s4001-A"", ""tan20260112t043730c98s4001-D""]",2,0,Vietnam,VNM,6A,Solid waste / landfill,2,2,2,1,1,50.0,700.2529385125276,2025-12-15 04:30:04.040000+00:00,2026-01-12 04:37:30.980000+00:00,True,Mixed public and hidden rates,Tier 3: partly quantified,0
CM500-d9e9d21aa8,CH4_6A_500m_101.40084_13.76541?bbox=92.0&bbox=,101.40084269891481,13.765405071364306,CH4,6A,2,3538.404622592363,344.96144340225345,2,2,1.0,2,2025-11-26,2026-03-16,2025-12-26,2026-04-15,2,"[""309a51c6-c8d5-40f5-a350-853292ec7943:tan20260316t045602c69s4001"", ""b4f1d1ef-d49e-414a-80e4-4f14a7846bf2:tan20251126t043949c37s4001""]","[""tan20251126t043949c37s4001-A"", ""tan20260316t045602c69s4001-A""]","[""tan20251126t043949c37s4001-A"", ""tan20260316t045602c69s4001-A""]",2,0,Thailand,THA,6A,Solid waste / landfill,2,2,2,1,1,50.0,3538.404622592363,2025-11-26 04:39:49.370000+00:00,2026-03-16 04:56:02.690000+00:00,True,Mixed public and hidden rates,Tier 3: partly quantified,0
CM500-ca42bb086d,CH4_6A_500m_107.35027_,107.35027415422992,-6.800637840480699,CH4,6A,3,812.7751869364074,410.0461049593298,1,1,1.0,1,2026-05-14,2026-05-14,2026-06-13,2026-06-13,1,"[""f52ff6cf-225f-4a38-bc00-cee8e3592542:tan20260514t042633c39s4001""]","[""tan20260514t042633c39s4001-A"", ""tan20260514t042633c39s4001-B"", ""tan20260514t042633c39s4001-C""]","[""tan20260514t042633c39s4001-A"", ""tan20260514t042633c39s4001-B"", ""tan20260514t042633c39s4001-C""]",3,0,Indonesia,IDN,6A,Solid waste / landfill,3,1,1,2,1,66.7,406.3875934682037,2026-05-14 04:26:33.390000+00:00,2026-05-14 04:26:33.390000+00:00,True,Mixed public and hidden rates,Tier 3: partly quantified,0
CM500-35a6d3e878,CH4_6A_500m_113.93203_22.41696?bbox=92.0&bbox=,113.932031513551,22.416957497428154,CH4,6A,12,3579.1849965905158,803.9789183648975,8,8,1.0,8,2025-03-20,2026-02-19,2025-04-19,2026-03-21,8,"[""1035c602-4e28-480a-bd14-66ff4e2b7ec7:tan20260205t041534c58s4001"", ""4b84ae57-458a-416e-9d9c-7f1672a44423:tan20260219t041943c33s4001"", ""65159e13-a624-4ce7-b690-9f9a837a3208:tan20250607t034604c36s4001"", ""79ee57aa-f550-4816-b383-cbde4b824142:tan20250320t032304c00s4001"", ""84030c1a-4a84-4c8e-8944-28ef50902beb:tan20250508t032900c00s4001"", ""c6a88bdd-9a1f-42bd-90c7-8d731a23a833:tan20250906t035918c47s4001"", ""c6fe8477-2ec1-44c2-bdd9-2a33cee7105d:tan20250830t035818c40s4001"", ""d2b3aae5-37cc-4bc5-9f34-2ee4b18ed761:tan20250823t035714c23s4001""]","[""tan20250320t032304c00s4001-A"", ""tan20250508t032900c00s4001-B"", ""tan20250607t034604c36s4001-A"", ""tan20250607t034604c36s4001-F"", ""tan20250823t035714c23s4001-A"", ""tan20250823t035714c23s4001-B"", ""tan20250830t035818c40s4001-A"", ""tan20250830t035818c40s4001-B"", ""tan20250906t035918c47s4001-D"", ""tan20250906t035918c47s4001-E"", ""tan20260205t041534c58s4001-A"", ""tan20260219t041943c33s4001-A""]","[""tan20250320t032304c00s4001-A"", ""tan20250508t032900c00s4001-B"", ""tan20250607t034604c36s4001-A"", ""tan20250607t034604c36s4001-F"", ""tan20250823t035714c23s4001-A"", ""tan20250823t035714c23s4001-B"", ""tan20250830t035818c40s4001-A"", ""tan20250830t035818c40s4001-B"", ""tan20250906t035918c47s4001-D"", ""tan20250906t035918c47s4001-E"", ""tan20260205t041534c58s4001-A"", ""tan20260219t041943c33s4001-A""]",12,0,Hong Kong,HKG,6A,Solid waste / landfill,12,8,8,12,0,100.0,2361.539038939908,2025-03-20 03:23:04+00:00,2026-02-19 04:19:43.330000+00:00,True,All detections quantified,Tier 4: quantified benchmark / control,0
CM500-8f50a16639,CH4_6A_500m_120.52075_15.29791?bbox=92.0&bbox=,120.52075333522788,15.297912915510027,CH4,6A,3,721.523617863123,244.03509866255135,3,3,1.0,3,2026-01-11,2026-03-25,2026-02-10,2026-04-24,3,"[""8223fb3f-3a52-4631-9b8f-5f0132e8021d:tan20260325t033830c79s4001"", ""c456603b-a043-4009-8c7e-25e221cb91e1:tan20260111t034322c00s4001"", ""ee8aa28b-052a-4af3-868e-b4071ca07803:tan20260201t034938c53s4001""]","[""tan20260111t034322c00s4001-A"", ""tan20260201t034938c53s4001-A"", ""tan20260325t033830c79s4001-A""]","[""tan20260111t034322c00s4001-A"", ""tan20260201t034938c53s4001-A"", ""tan20260325t033830c79s4001-A""]",3,0,Philippines,PHL,6A,Solid waste / landfill,3,3,3,3,0,100.0,715.9359162580171,2026-01-11 03:43:22+00:00,2026-03-25 03:38:30.790000+00:00,True,All detections quantified,Tier 4: quantified benchmark / control,0
CM500-46c76b14f6,CH4_6A_500m_120.91401_14.70034?bbox=92.0&bbox=,120.91401403783016,14.700338260587424,CH4,6A,3,691.262134636876,310.0409773471463,2,3,0.6666666666666666,2,2025-12-28,2026-03-06,2026-01-27,2026-04-05,3,"[""a812890e-3de9-48dd-9350-ba88ec9c71da:tan20251228t033836c62s4001"", ""b964baf5-1553-4f00-ae34-78c30f0cd591:tan20260306t034614c53s4001"", ""e2ac7578-ee7e-487a-b9b2-25486fc20fa6:tan20260611t035752c71s4001""]","[""tan20251228t033836c62s4001-A"", ""tan20260306t034614c53s4001-A"", ""tan20260306t034614c53s4001-B""]","[""tan20251228t033836c62s4001-A"", ""tan20260306t034614c53s4001-A"", ""tan20260306t034614c53s4001-B""]",3,0,Philippines,PHL,6A,Solid waste / landfill,3,2,2,3,0,100.0,392.1499574130377,2025-12-28 03:38:36.620000+00:00,2026-03-06 03:46:14.530000+00:00,True,All detections quantified,Tier 4: quantified benchmark / control,1
CM500-09590a2e63,CH4_6A_500m_94.62376_21.64948?bbox=92.0&bbox=,94.62376079875963,21.6494774715044,CH4,6A,2,778.6761640439984,158.23082083038136,2,2,1.0,2,2025-11-11,2025-11-18,2025-12-11,2025-12-18,2,"[""d87974fe-22ad-40ff-91fc-96fed2b4809d:tan20251111t051619c41s4001"", ""fdc33246-ab98-40a3-9867-930f280e615b:tan20251118t051703c40s4001""]","[""tan20251111t051619c41s4001-A"", ""tan20251118t051703c40s4001-A""]","[""tan20251111t051619c41s4001-A"", ""tan20251118t051703c40s4001-A""]",2,0,Myanmar,MMR,6A,Solid waste / landfill,2,2,2,2,0,100.0,778.6761640439984,2025-11-11 05:16:19.410000+00:00,2025-11-18 05:17:03.400000+00:00,True,All detections quantified,Tier 4: quantified benchmark / control,0
CM500-844914e350,CH4_other_500m_101.41869_3.39631?bbox=92.0&bbox=,101.41869092322149,3.396310751872594,CH4,other,2,411.0112983564952,228.93810730399233,2,2,1.0,2,2025-05-07,2025-07-09,2025-06-06,2025-08-08,2,"[""ddd84d6a-958b-47ff-bd62-4dab4f2bbe56:tan20250507t041347c00s4001"", ""f990b102-2e79-45ba-a7d4-6c725bc1a48f:tan20250709t042254c33s4001""]","[""tan20250507t041347c00s4001-C"", ""tan20250709t042254c33s4001-C""]","[""tan20250507t041347c00s4001-C"", ""tan20250709t042254c33s4001-C""]",2,0,Malaysia,MYS,other,Other / unclassified,2,2,2,2,0,100.0,411.0112983564952,2025-05-07 04:13:47+00:00,2025-07-09 04:22:54.330000+00:00,True,All detections quantified,Tier 4: quantified benchmark / control,0
CM500-ca0e06cce9,CH4_1B2_500m_113.74132_4.73935?bbox=92.0&bbox=,113.7413244254837,4.7393482506797895,CH4,1B2,2,3054.6580666820178,803.4629113045605,2,2,1.0,2,2026-04-12,2026-05-28,2026-05-12,2026-06-27,2,"[""02f624bd-b442-4555-8022-f2151c27891a:tan20260528t041352c64s4001"", ""f68eb355-4ebd-4055-b799-c1dcd21bb076:tan20260412t041030c66s4001""]","[""tan20260412t041030c66s4001-A"", ""tan20260528t041352c64s4001-A""]","[""tan20260412t041030c66s4001-A"", ""tan20260528t041352c64s4001-A""]",2,0,Offshore / boundary-unassigned,,1B2,Oil and gas,2,2,2,2,0,100.0,3054.6580666820178,2026-04-12 04:10:30.660000+00:00,2026-05-28 04:13:52.640000+00:00,True,All detections quantified,Tier 4: quantified benchmark / control,0
CM500-e16e18eabc,CH4_6A_500m_101.02465_13.06376?bbox=92.0&bbox=,101.02464778037016,13.063764694923888,CH4,6A,3,1146.9129850708769,256.95076074688956,3,3,1.0,3,2025-12-17,2026-06-14,2026-01-29,2026-07-14,3,"[""302f8616-c61f-468a-b0de-457dd288a22c:tan20251217t044337c49s4001"", ""76cfa7a7-2327-433d-9ea6-102279d1b38e:tan20260614t050243c50s4001"", ""a57ba6b5-ad41-45ae-b3d2-5fd6823af70d:tan20251226t045848c67s4001""]","[""tan20251217t044337c49s4001-A"", ""tan20251226t045848c67s4001-D"", ""tan20260614t050243c50s4001-B""]","[""tan20251217t044337c49s4001-A"", ""tan20251226t045848c67s4001-D""]",2,1,Thailand,THA,6A,Solid waste / landfill,2,2,2,2,0,100.0,1506.6057192259905,2025-12-17 04:43:37.490000+00:00,2025-12-26 04:58:48.670000+00:00,True,All detections quantified,Tier 4: quantified benchmark / control,0
CM500-e2ea169fd9,CH4_6A_500m_106.54342_,106.54342475322376,-6.103967139754772,CH4,6A,2,544.8055292287938,326.22000488883504,2,2,1.0,2,2026-04-16,2026-06-08,2026-05-16,2026-07-08,2,"[""898fcab3-3691-428e-86d2-a07b6926d23a:tan20260416t043849c10s4001"", ""c926374e-1dc3-4a55-bf9c-006ade85f87a:tan20260608t043254c92s4001""]","[""tan20260416t043849c10s4001-A"", ""tan20260608t043254c92s4001-C""]","[""tan20260416t043849c10s4001-A"", ""tan20260608t043254c92s4001-C""]",2,0,Indonesia,IDN,6A,Solid waste / landfill,2,2,2,2,0,100.0,544.8055292287938,2026-04-16 04:38:49.100000+00:00,2026-06-08 04:32:54.920000+00:00,True,All detections quantified,Tier 4: quantified benchmark / control,0
CM500-eb6dc4df26,CH4_6A_500m_100.38216_,100.3821562102755,-0.8250001467213366,CH4,6A,2,494.3832589681328,111.90843493696804,2,2,1.0,2,2025-12-31,2026-03-16,2026-03-23,2026-04-15,2,"[""b0485ffb-1597-446f-9183-a221fe0b8c9f:tan20251231t045108c40s4001"", ""b14e6801-8004-4cb2-afa9-e8990636f4ff:tan20260316t045944c61s4001""]","[""tan20251231t045108c40s4001-A"", ""tan20260316t045944c61s4001-A""]","[""tan20251231t045108c40s4001-A"", ""tan20260316t045944c61s4001-A""]",2,0,Indonesia,IDN,6A,Solid waste / landfill,2,2,2,2,0,100.0,494.3832589681328,2025-12-31 04:51:08.400000+00:00,2026-03-16 04:59:44.610000+00:00,True,All detections quantified,Tier 4: quantified benchmark / control,0
CM500-3ab0dedc8a,CH4_6A_500m_113.48157_23.26380?bbox=92.0&bbox=,113.48156863150777,23.26379996736289,CH4,6A,3,291.724146019372,108.09806367139984,1,2,0.5,1,2025-07-05,2025-07-05,2025-09-02,2025-09-02,2,"[""4b84ae57-458a-416e-9d9c-7f1672a44423:tan20260219t041943c33s4001"", ""a127fdde-1c3f-4637-a7a5-882928155aa7:tan20250705t035023c33s4001""]","[""tan20250705t035023c33s4001-A"", ""tan20250705t035023c33s4001-B"", ""tan20250705t035023c33s4001-C""]","[""tan20250705t035023c33s4001-A"", ""tan20250705t035023c33s4001-B"", ""tan20250705t035023c33s4001-C""]",3,0,People's Republic of China,CHN,6A,Solid waste / landfill,3,1,1,3,0,100.0,165.632145452981,2025-07-05 03:50:23.330000+00:00,2025-07-05 03:50:23.330000+00:00,True,All detections quantified,Tier 4: quantified benchmark / control,1
CM500-05c75beb8c,CH4_1B2_500m_113.04678_3.37200?bbox=92.0&bbox=,113.04678273310333,3.371999690899486,CH4,1B2,1,3523.9155761889556,548.5095981173706,1,1,1.0,1,2026-06-06,2026-06-06,2026-07-06,2026-07-06,1,"[""1bca9cd8-12d5-4e3c-b240-9610c9866b1e:tan20260606t041902c87s4001""]","[""tan20260606t041902c87s4001-A""]","[""tan20260606t041902c87s4001-A""]",1,0,Offshore / boundary-unassigned,,1B2,Oil and gas,1,1,1,1,0,100.0,3523.9155761889556,2026-06-06 04:19:02.870000+00:00,2026-06-06 04:19:02.870000+00:00,True,All detections quantified,Tier 4: quantified benchmark / control,0
CM500-0b227b5cea,CH4_6A_500m_105.83296_21.33979?bbox=92.0&bbox=,105.8329612567211,21.339787178427123,CH4,6A,1,659.6966937241646,99.18037109326447,1,2,0.5,1,2025-09-03,2025-09-03,2025-10-03,2025-10-03,2,"[""41a133a4-bbe2-41f8-a8a4-9c771f86860d:tan20250903t042548c88s4001"", ""cd0f998c-e9c7-4a42-8825-5a0188f6f076:tan20260527t045032c51s4001""]","[""tan20250903t042548c88s4001-B""]","[""tan20250903t042548c88s4001-B""]",1,0,Vietnam,VNM,6A,Solid waste / landfill,1,1,1,1,0,100.0,1319.3933874483291,2025-09-03 04:25:48.880000+00:00,2025-09-03 04:25:48.880000+00:00,True,All detections quantified,Tier 4: quantified benchmark / control,1
CM500-20419996ff,CH4_6A_500m_101.64441_2.86974?bbox=92.0&bbox=,101.64441318318956,2.8697399233815526,CH4,6A,1,607.7548519139568,271.12168257796117,1,1,1.0,1,2025-06-11,2025-06-11,2025-07-11,2025-07-11,1,"[""5fc67b85-d434-4a84-9ab2-d2e4be3bccef:tan20250611t041831c36s4001""]","[""tan20250611t041831c36s4001-A""]","[""tan20250611t041831c36s4001-A""]",1,0,Malaysia,MYS,6A,Solid waste / landfill,1,1,1,1,0,100.0,607.7548519139568,2025-06-11 04:18:31.360000+00:00,2025-06-11 04:18:31.360000+00:00,True,All detections quantified,Tier 4: quantified benchmark / control,0
CM500-24ae2ed076,CH4_6A_500m_99.97242_14.05704?bbox=92.0&bbox=,99.97242231930359,14.057043964083931,CH4,6A,1,608.1868096875648,111.61194388792009,1,2,0.5,1,2025-01-03,2025-01-03,2025-02-02,2025-02-02,2,"[""033a747d-3c70-4015-8f64-73d17f0671e8:tan20250103t041216c00s4001"", ""71789bdb-aec7-4443-8ae9-b6c5979a7fbd:tan20260318t051007c70s4001""]","[""tan20250103t041216c00s4001-B""]","[""tan20250103t041216c00s4001-B""]",1,0,Thailand,THA,6A,Solid waste / landfill,1,1,1,1,0,100.0,1216.3736193751297,2025-01-03 04:12:16+00:00,2025-01-03 04:12:16+00:00,True,All detections quantified,Tier 4: quantified benchmark / control,1
CM500-2e8534e4e3,CH4_6A_500m_106.66336_,106.66335758866515,-6.327061207189445,CH4,6A,1,378.20531321160587,124.91075535959833,1,2,0.5,1,2025-04-05,2025-04-05,2025-05-05,2025-05-05,2,"[""284d0215-881f-480c-bae3-c3ef0ee09e58:tan20250405t034554c00s4001"", ""c926374e-1dc3-4a55-bf9c-006ade85f87a:tan20260608t043254c92s4001""]","[""tan20250405t034554c00s4001-C""]","[""tan20250405t034554c00s4001-C""]",1,0,Indonesia,IDN,6A,Solid waste / landfill,1,1,1,1,0,100.0,756.4106264232117,2025-04-05 03:45:54+00:00,2025-04-05 03:45:54+00:00,True,All detections quantified,Tier 4: quantified benchmark / control,1
CM500-3b378c6c46,CH4_6B_500m_100.15725_14.05049?bbox=92.0&bbox=,100.15725081971198,14.05048629889042,CH4,6B,1,1174.9033680044581,115.19373948342229,1,1,1.0,1,2026-03-18,2026-03-18,2026-04-17,2026-04-17,1,"[""71789bdb-aec7-4443-8ae9-b6c5979a7fbd:tan20260318t051007c70s4001""]","[""tan20260318t051007c70s4001-C""]","[""tan20260318t051007c70s4001-C""]",1,0,Thailand,THA,6B,Wastewater,1,1,1,1,0,100.0,1174.9033680044581,2026-03-18 05:10:07.700000+00:00,2026-03-18 05:10:07.700000+00:00,True,All detections quantified,Tier 4: quantified benchmark / control,0
CM500-3f5d47c3c6,CH4_6A_500m_122.52311_10.70834?bbox=92.0&bbox=,122.5231092359984,10.708340217292415,CH4,6A,1,414.0541432779512,140.46918416817593,1,2,0.5,1,2025-05-11,2025-05-11,2025-06-10,2025-06-10,2,"[""7484b9eb-b89a-4983-9226-3ee7af514df8:tan20250511t030613c00s4001"", ""75d686b7-0ee7-4475-a444-df52defab85c:tan20260123t033511c48s4001""]","[""tan20250511t030613c00s4001-A""]","[""tan20250511t030613c00s4001-A""]",1,0,Philippines,PHL,6A,Solid waste / landfill,1,1,1,1,0,100.0,828.1082865559024,2025-05-11 03:06:13+00:00,2025-05-11 03:06:13+00:00,True,All detections quantified,Tier 4: quantified benchmark / control,1
CM500-4239382f1c,CH4_other_500m_106.90022_,106.90021828831915,-6.481222434249872,CH4,other,1,736.4774181531823,82.15173244356683,1,1,1.0,1,2025-09-13,2025-09-13,2025-10-13,2025-10-13,1,"[""0b94efa5-389d-4261-90e5-6a0befa9a55f:tan20250913t040749c85s4001""]","[""tan20250913t040749c85s4001-L""]","[""tan20250913t040749c85s4001-L""]",1,0,Indonesia,IDN,other,Other / unclassified,1,1,1,1,0,100.0,736.4774181531823,2025-09-13 04:07:49.850000+00:00,2025-09-13 04:07:49.850000+00:00,True,All detections quantified,Tier 4: quantified benchmark / control,0
CM500-427c8c6160,CH4_6A_500m_103.86266_1.77337?bbox=92.0&bbox=,103.86265674333872,1.773370602618641,CH4,6A,1,2407.6847448945045,332.5527295307014,1,1,1.0,1,2025-07-28,2025-07-28,2025-09-02,2025-09-02,1,"[""682a589e-9af4-4782-97c8-42c429f6e737:tan20250728t041231c13s4001""]","[""tan20250728t041231c13s4001-A""]","[""tan20250728t041231c13s4001-A""]",1,0,Malaysia,MYS,6A,Solid waste / landfill,1,1,1,1,0,100.0,2407.6847448945045,2025-07-28 04:12:31.130000+00:00,2025-07-28 04:12:31.130000+00:00,True,All detections quantified,Tier 4: quantified benchmark / control,0
CM500-46dc358270,CH4_1B2_500m_113.80206_4.43741?bbox=92.0&bbox=,113.80206189678881,4.437412180604099,CH4,1B2,1,451.52810813400964,57.935818859717685,1,1,1.0,1,2026-05-28,2026-05-28,2026-06-27,2026-06-27,1,"[""02f624bd-b442-4555-8022-f2151c27891a:tan20260528t041352c64s4001""]","[""tan20260528t041352c64s4001-B""]","[""tan20260528t041352c64s4001-B""]",1,0,Offshore / boundary-unassigned,,1B2,Oil and gas,1,1,1,1,0,100.0,451.52810813400964,2026-05-28 04:13:52.640000+00:00,2026-05-28 04:13:52.640000+00:00,True,All detections quantified,Tier 4: quantified benchmark / control,0
CM500-4e41d7f334,CH4_6A_500m_100.98404_13.73241?bbox=92.0&bbox=,100.98404355097654,13.732406565008091,CH4,6A,1,264.6951302931935,52.14869422003074,1,3,0.3333333333333333,1,2025-12-24,2025-12-24,2026-01-23,2026-01-23,3,"[""0b7e3fff-79e5-47ba-bc85-ddff9b0ffb35:tan20260413t050115c68s4001"", ""4afc0b47-ebdd-43cf-8004-404df29c1d9f:tan20250115t041040c00s4001"", ""af6685ab-bb55-4a1e-872f-c74659b0ead5:tan20251224t044438c14s4001""]","[""tan20251224t044438c14s4001-A""]","[""tan20251224t044438c14s4001-A""]",1,0,Thailand,THA,6A,Solid waste / landfill,1,1,1,1,0,100.0,794.0853908795804,2025-12-24 04:44:38.140000+00:00,2025-12-24 04:44:38.140000+00:00,True,All detections quantified,Tier 4: quantified benchmark / control,2
CM500-501966a3db,CH4_1B2_500m_102.98789_7.59156?bbox=92.0&bbox=,102.98789095329136,7.591558046386467,CH4,1B2,1,4870.34148317388,655.5564883839921,1,1,1.0,1,2026-06-05,2026-06-05,2026-07-05,2026-07-05,1,"[""844d80ed-7fda-472f-846f-1e7e6a8f823a:tan20260605t045916c64s4001""]","[""tan20260605t045916c64s4001-A""]","[""tan20260605t045916c64s4001-A""]",1,0,Offshore / boundary-unassigned,,1B2,Oil and gas,1,1,1,1,0,100.0,4870.34148317388,2026-06-05 04:59:16.640000+00:00,2026-06-05 04:59:16.640000+00:00,True,All detections quantified,Tier 4: quantified benchmark / control,0
CM500-57e153f7ef,CH4_other_500m_94.66576_21.64981?bbox=92.0&bbox=,94.66575724999558,21.649813148936772,CH4,other,1,1049.2370957731293,334.86523890570265,1,1,1.0,1,2025-11-18,2025-11-18,2025-12-18,2025-12-18,1,"[""fdc33246-ab98-40a3-9867-930f280e615b:tan20251118t051703c40s4001""]","[""tan20251118t051703c40s4001-B""]","[""tan20251118t051703c40s4001-B""]",1,0,Myanmar,MMR,other,Other / unclassified,1,1,1,1,0,100.0,1049.2370957731293,2025-11-18 05:17:03.400000+00:00,2025-11-18 05:17:03.400000+00:00,True,All detections quantified,Tier 4: quantified benchmark / control,0
CM500-61b78f092b,CH4_NA_500m_95.73856_17.36187?bbox=92.0&bbox=,95.73856472045634,17.36187105730221,CH4,NA,1,210.9882307403228,24.3384654879295,1,2,0.5,1,2025-05-06,2025-05-06,2025-06-05,2025-06-05,2,"[""1a99d3c8-e9bf-4085-b67b-71e8711ed40c:tan20250506t045043c00s4001"", ""6936d9c7-84cc-4d6a-9048-9dc12b9e0c09:tan20251216t052114c23s4001""]","[""tan20250506t045043c00s4001-A""]","[""tan20250506t045043c00s4001-A""]",1,0,Myanmar,MMR,,Unclassified,1,1,1,1,0,100.0,421.9764614806456,2025-05-06 04:50:43+00:00,2025-05-06 04:50:43+00:00,True,All detections quantified,Tier 4: quantified benchmark / control,1
CM500-677d3508b8,CH4_1B1a_500m_112.67662_22.81083?bbox=92.0&bbox=,112.67662286466896,22.810829291429116,CH4,1B1a,1,1275.8724203457375,562.9748559516258,1,1,1.0,1,2026-01-15,2026-01-15,2026-02-14,2026-02-14,1,"[""56e1a39d-5b09-4f49-b2ac-16be96bd849e:tan20260115t040911c11s4001""]","[""tan20260115t040911c11s4001-A""]","[""tan20260115t040911c11s4001-A""]",1,0,People's Republic of China,CHN,1B1a,Coal mining,1,1,1,1,0,100.0,1275.8724203457375,2026-01-15 04:09:11.110000+00:00,2026-01-15 04:09:11.110000+00:00,True,All detections quantified,Tier 4: quantified benchmark / control,0
CM500-6a523ff3a1,CH4_6A_500m_106.75243_20.81626?bbox=92.0&bbox=,106.75242562638795,20.816263929514818,CH4,6A,1,951.5667238444469,395.91743273410094,1,1,1.0,1,2026-06-05,2026-06-05,2026-07-05,2026-07-05,1,"[""f8c7ee58-ea6c-4e7f-bc83-a55d3b1f38bb:tan20260605t045535c95s4001""]","[""tan20260605t045535c95s4001-A""]","[""tan20260605t045535c95s4001-A""]",1,0,Offshore / boundary-unassigned,,6A,Solid waste / landfill,1,1,1,1,0,100.0,951.5667238444469,2026-06-05 04:55:35.950000+00:00,2026-06-05 04:55:35.950000+00:00,True,All detections quantified,Tier 4: quantified benchmark / control,0
CM500-75aee98e03,CH4_1B2_500m_115.65696_6.34598?bbox=92.0&bbox=,115.65696293668702,6.345982439753129,CH4,1B2,1,949.5556723104163,142.30765264456866,1,1,1.0,1,2026-03-08,2026-03-08,2026-04-07,2026-04-07,1,"[""8d988578-94b4-453b-b6fe-b3d1dce22d28:tan20260308t040224c65s4001""]","[""tan20260308t040224c65s4001-A""]","[""tan20260308t040224c65s4001-A""]",1,0,Offshore / boundary-unassigned,,1B2,Oil and gas,1,1,1,1,0,100.0,949.5556723104163,2026-03-08 04:02:24.650000+00:00,2026-03-08 04:02:24.650000+00:00,True,All detections quantified,Tier 4: quantified benchmark / control,0
CM500-86cf16f4ea,CH4_1B2_500m_108.54585_10.34738?bbox=92.0&bbox=,108.54584531438633,10.34737849043158,CH4,1B2,1,162.81910388036798,13.148063705568942,1,1,1.0,1,2026-04-09,2026-04-09,2026-05-09,2026-05-09,1,"[""d019dd15-c475-42dc-9ec2-f67b891be3f7:tan20260409t043556c66s4001""]","[""tan20260409t043556c66s4001-B""]","[""tan20260409t043556c66s4001-B""]",1,0,Offshore / boundary-unassigned,,1B2,Oil and gas,1,1,1,1,0,100.0,162.81910388036798,2026-04-09 04:35:56.660000+00:00,2026-04-09 04:35:56.660000+00:00,True,All detections quantified,Tier 4: quantified benchmark / control,0
CM500-8a59adc7c3,CH4_NA_500m_106.89855_,106.89854959256536,-6.388674796859324,CH4,NA,1,483.8194873477474,115.80650757166927,1,1,1.0,1,2025-08-23,2025-08-23,2025-09-22,2025-09-22,1,"[""202440ee-66d6-412c-999c-ba210e54158a:tan20250823t040443c73s4001""]","[""tan20250823t040443c73s4001-H""]","[""tan20250823t040443c73s4001-H""]",1,0,Indonesia,IDN,,Unclassified,1,1,1,1,0,100.0,483.8194873477474,2025-08-23 04:04:43.730000+00:00,2025-08-23 04:04:43.730000+00:00,True,All detections quantified,Tier 4: quantified benchmark / control,0
CM500-8d3f3ff59e,CH4_1B2_500m_112.82660_,112.8266025988654,-7.638396417431451,CH4,1B2,1,623.6565876843638,122.78775183133547,1,1,1.0,1,2025-10-07,2025-10-07,2025-11-06,2025-11-06,1,"[""20a61b0b-1d85-4c16-8984-62b720f2e7bf:tan20251007t034437c67s4001""]","[""tan20251007t034437c67s4001-C""]","[""tan20251007t034437c67s4001-C""]",1,0,Indonesia,IDN,1B2,Oil and gas,1,1,1,1,0,100.0,623.6565876843638,2025-10-07 03:44:37.670000+00:00,2025-10-07 03:44:37.670000+00:00,True,All detections quantified,Tier 4: quantified benchmark / control,0
CM500-96ffaf9ff0,CH4_1B2_500m_108.48238_10.53002?bbox=92.0&bbox=,108.4823843478705,10.530024516391535,CH4,1B2,1,120.18943270604696,43.16556930423436,1,2,0.5,1,2026-04-09,2026-04-09,2026-05-09,2026-05-09,2,"[""d019dd15-c475-42dc-9ec2-f67b891be3f7:tan20260409t043556c66s4001"", ""e0689876-cff7-4021-ae1f-c5ebf229a68b:tan20260402t043535c65s4001""]","[""tan20260409t043556c66s4001-A""]","[""tan20260409t043556c66s4001-A""]",1,0,Offshore / boundary-unassigned,,1B2,Oil and gas,1,1,1,1,0,100.0,240.37886541209392,2026-04-09 04:35:56.660000+00:00,2026-04-09 04:35:56.660000+00:00,True,All detections quantified,Tier 4: quantified benchmark / control,1
CM500-9e8a331871,CH4_other_500m_105.22625_,105.22624529370069,-5.106540626487757,CH4,other,1,679.7086504733924,86.3786601752664,1,1,1.0,1,2025-06-09,2025-06-09,2025-07-09,2025-07-09,1,"[""b9d5a2f2-e022-4d7b-a1fd-0b7fcca5bd6e:tan20250609t040707c04s4001""]","[""tan20250609t040707c04s4001-A""]","[""tan20250609t040707c04s4001-A""]",1,0,Indonesia,IDN,other,Other / unclassified,1,1,1,1,0,100.0,679.7086504733924,2025-06-09 04:07:07.040000+00:00,2025-06-09 04:07:07.040000+00:00,True,All detections quantified,Tier 4: quantified benchmark / control,0
CM500-b84f3c053c,CH4_6A_500m_119.58030_,119.58029688455198,-5.070996522101865,CH4,6A,1,29.167549897123266,19.49145371563689,1,3,0.3333333333333333,1,2025-06-06,2025-06-06,2025-07-06,2025-07-06,3,"[""095b3749-0928-4417-8cdd-9ad24f47fc29:tan20250905t031324c75s4001"", ""6679fec8-f283-424a-a437-d046c8ad1355:tan20250606t030011c58s4001"", ""77a4ce47-9491-4552-b81f-6166f4c5f627:tan20260531t034710c72s4001""]","[""tan20250606t030011c58s4001-B""]","[""tan20250606t030011c58s4001-B""]",1,0,Indonesia,IDN,6A,Solid waste / landfill,1,1,1,1,0,100.0,87.5026496913698,2025-06-06 03:00:11.580000+00:00,2025-06-06 03:00:11.580000+00:00,True,All detections quantified,Tier 4: quantified benchmark / control,2
CM500-b9670064b6,CH4_6A_500m_116.59966_23.44270?bbox=92.0&bbox=,116.59965706247203,23.442703493962266,CH4,6A,1,176.79447617689107,34.019395405663154,1,3,0.3333333333333333,1,2026-05-28,2026-05-28,2026-06-27,2026-06-27,3,"[""9dcbe7da-7de8-45b8-ad7f-31e8009b03bd:tan20251216t034715c29s4001"", ""b3c26f15-a23e-4f26-a86f-3f9fa0238ac0:tan20260528t040917c46s4001"", ""be90d94b-df2e-4ca3-a81d-37f1d133597d:tan20260222t035411c20s4001""]","[""tan20260528t040917c46s4001-A""]","[""tan20260528t040917c46s4001-A""]",1,0,People's Republic of China,CHN,6A,Solid waste / landfill,1,1,1,1,0,100.0,530.3834285306732,2026-05-28 04:09:17.460000+00:00,2026-05-28 04:09:17.460000+00:00,True,All detections quantified,Tier 4: quantified benchmark / control,2
CM500-b979ce1ee0,CH4_1B2_500m_104.17793_6.98078?bbox=92.0&bbox=,104.17792553711354,6.980779053952119,CH4,1B2,1,2975.268799801296,211.430803757058,1,1,1.0,1,2026-01-26,2026-01-26,2026-02-25,2026-02-25,1,"[""907cf337-c4f7-47e3-a28f-ead20cf574b2:tan20260126t044309c65s4001""]","[""tan20260126t044309c65s4001-A""]","[""tan20260126t044309c65s4001-A""]",1,0,Offshore / boundary-unassigned,,1B2,Oil and gas,1,1,1,1,0,100.0,2975.268799801296,2026-01-26 04:43:09.650000+00:00,2026-01-26 04:43:09.650000+00:00,True,All detections quantified,Tier 4: quantified benchmark / control,0
CM500-c6509e1633,CH4_6A_500m_109.03184_,109.03184354788961,-6.821769072192993,CH4,6A,1,41.72909281473026,22.05405871549796,1,4,0.25,1,2026-05-23,2026-05-23,2026-06-22,2026-06-22,4,"[""9ed74e53-0f98-4219-832e-c60dff40f694:tan20250531t035320c58s4001"", ""ab6d801d-6dbd-4ba7-9aab-987409a29870:tan20260523t043329c54s4001"", ""c0c83839-c8cc-42f4-aa38-71977da0fe26:tan20251009t035806c75s4001"", ""f8cffd04-8adc-4c15-bebb-fde60130140a:tan20250724t034753c89s4001""]","[""tan20260523t043329c54s4001-A""]","[""tan20260523t043329c54s4001-A""]",1,0,Indonesia,IDN,6A,Solid waste / landfill,1,1,1,1,0,100.0,166.91637125892103,2026-05-23 04:33:29.540000+00:00,2026-05-23 04:33:29.540000+00:00,True,All detections quantified,Tier 4: quantified benchmark / control,3
CM500-d7d3e67bd4,CH4_1B2_500m_116.17434_6.10369?bbox=92.0&bbox=,116.17434215263796,6.103690959209985,CH4,1B2,1,570.073271173018,228.06302013781618,1,2,0.5,1,2025-08-19,2025-08-19,2025-09-18,2025-09-18,2,"[""4892ddb7-120a-4654-8d3d-395573ba12db:tan20250819t033432c67s4001"", ""5032b7e3-ba46-4607-a8d4-ef171efb828f:tan20260315t040434c44s4001""]","[""tan20250819t033432c67s4001-B""]","[""tan20250819t033432c67s4001-B""]",1,0,Malaysia,MYS,1B2,Oil and gas,1,1,1,1,0,100.0,1140.146542346036,2025-08-19 03:34:32.670000+00:00,2025-08-19 03:34:32.670000+00:00,True,All detections quantified,Tier 4: quantified benchmark / control,1
CM500-dde0755109,CH4_1B2_500m_113.73330_4.41550?bbox=92.0&bbox=,113.73329586747161,4.4154986623607755,CH4,1B2,1,2221.5357042578776,140.94664041038493,1,1,1.0,1,2026-04-12,2026-04-12,2026-05-12,2026-05-12,1,"[""f68eb355-4ebd-4055-b799-c1dcd21bb076:tan20260412t041030c66s4001""]","[""tan20260412t041030c66s4001-B""]","[""tan20260412t041030c66s4001-B""]",1,0,Offshore / boundary-unassigned,,1B2,Oil and gas,1,1,1,1,0,100.0,2221.5357042578776,2026-04-12 04:10:30.660000+00:00,2026-04-12 04:10:30.660000+00:00,True,All detections quantified,Tier 4: quantified benchmark / control,0
CM500-e0a82c2ca2,CH4_1B2_500m_103.81909_6.37424?bbox=92.0&bbox=,103.81909378734429,6.374236922828416,CH4,1B2,1,4579.2853106037965,507.7693946862003,1,1,1.0,1,2026-02-02,2026-02-02,2026-03-04,2026-03-04,1,"[""f66fabe2-9911-471c-990b-f833397b6a07:tan20260202t044529c65s4001""]","[""tan20260202t044529c65s4001-A""]","[""tan20260202t044529c65s4001-A""]",1,0,Offshore / boundary-unassigned,,1B2,Oil and gas,1,1,1,1,0,100.0,4579.2853106037965,2026-02-02 04:45:29.650000+00:00,2026-02-02 04:45:29.650000+00:00,True,All detections quantified,Tier 4: quantified benchmark / control,0
