x_utm,y_utm,distance_to_water_m,tanager_fnu_estimate,sentinel_fnu_estimate,tanager_relative_signal,sentinel_relative_signal,combined_relative_signal,along_coast_offset_km,section
578355.0,69075.0,268.3281572999748,47.730427,197.62099,60.12544802867383,70.3405017921147,65.23297491039426,1.1099999999999273,N1
578385.0,69075.0,283.0194339616981,47.730427,197.62099,60.12544802867383,70.3405017921147,65.23297491039426,1.1099999999999273,N1
578325.0,69045.0,228.47319317591726,47.730427,197.62099,60.12544802867383,70.3405017921147,65.23297491039426,1.0799999999999272,N1
578355.0,69045.0,241.86773244895647,47.730427,197.62099,60.12544802867383,70.3405017921147,65.23297491039426,1.0799999999999272,N1
578325.0,69015.0,201.24611797498108,47.730427,197.62099,60.12544802867383,70.3405017921147,65.23297491039426,1.0499999999999272,N1
578355.0,69015.0,216.33307652783935,47.730427,197.62099,60.12544802867383,70.3405017921147,65.23297491039426,1.0499999999999272,N1
578385.0,69015.0,234.30749027719963,47.730427,197.62099,60.12544802867383,70.3405017921147,65.23297491039426,1.0499999999999272,N1
578415.0,69015.0,254.5584412271571,47.730427,197.62099,60.12544802867383,70.3405017921147,65.23297491039426,1.0499999999999272,N1
578415.0,68985.0,234.30749027719963,47.730427,197.62099,60.12544802867383,70.3405017921147,65.23297491039426,1.0199999999999272,N1
578385.0,68955.0,192.09372712298546,47.730427,197.62099,60.12544802867383,70.3405017921147,65.23297491039426,0.9899999999999273,N1
578415.0,68955.0,216.33307652783935,47.730427,197.62099,60.12544802867383,70.3405017921147,65.23297491039426,0.9899999999999273,N1
578385.0,68925.0,174.92855684535903,47.730427,197.62099,60.12544802867383,70.3405017921147,65.23297491039426,0.9599999999999272,N1
578415.0,68925.0,201.24611797498108,47.730427,197.62099,60.12544802867383,70.3405017921147,65.23297491039426,0.9599999999999272,N1
577455.0,68895.0,134.1640786499874,405.49802,411.59232,98.56630824372759,80.82437275985663,89.69534050179212,0.9299999999999272,N1
577485.0,68895.0,150.0,405.49802,411.59232,98.56630824372759,80.82437275985663,89.69534050179212,0.9299999999999272,N1
577515.0,68895.0,134.1640786499874,363.34335,421.57782,94.80286738351255,83.87096774193549,89.33691756272401,0.9299999999999272,N1
577545.0,68895.0,123.69316876852982,363.34335,421.57782,94.80286738351255,83.87096774193549,89.33691756272401,0.9299999999999272,N1
577575.0,68895.0,120.0,363.34335,421.57782,94.80286738351255,83.87096774193549,89.33691756272401,0.9299999999999272,N1
577605.0,68895.0,123.69316876852982,363.34335,421.57782,94.80286738351255,83.87096774193549,89.33691756272401,0.9299999999999272,N1
577725.0,68895.0,120.0,338.66394,438.58743,93.63799283154121,85.03584229390681,89.33691756272401,0.9299999999999272,N1
577755.0,68895.0,123.69316876852982,338.66394,438.58743,93.63799283154121,85.03584229390681,89.33691756272401,0.9299999999999272,N1
577785.0,68895.0,123.69316876852982,400.33145,368.1137,97.58064516129032,78.94265232974911,88.26164874551972,0.9299999999999272,N1
577815.0,68895.0,120.0,400.33145,368.1137,97.58064516129032,78.94265232974911,88.26164874551972,0.9299999999999272,N1
578415.0,68895.0,189.73665961010278,47.730427,197.62099,60.12544802867383,70.3405017921147,65.23297491039426,0.9299999999999272,N1
577035.0,68865.0,120.0,101.46227,133.54951,63.44086021505376,61.82795698924731,62.634408602150536,0.8999999999999272,N1
577065.0,68865.0,120.0,84.49576,145.50597,62.00716845878136,63.08243727598566,62.54480286738351,0.8999999999999272,N1
577155.0,68865.0,120.0,156.20729,157.45016,72.93906810035843,67.02508960573476,69.9820788530466,0.8999999999999272,N1
577185.0,68865.0,120.0,130.59094,152.96878,69.44444444444444,66.21863799283155,67.831541218638,0.8999999999999272,N1
577215.0,68865.0,120.0,118.756966,151.16641,66.93548387096774,65.50179211469535,66.21863799283155,0.8999999999999272,N1
577245.0,68865.0,120.0,254.35481,152.49452,85.75268817204301,65.86021505376344,75.80645161290323,0.8999999999999272,N1
577275.0,68865.0,120.0,224.61006,146.30263,78.40501792114696,63.530465949820794,70.96774193548387,0.8999999999999272,N1
577305.0,68865.0,108.16653826391968,454.35883,377.05957,99.6415770609319,79.74910394265234,89.69534050179212,0.8999999999999272,N1
577335.0,68865.0,94.86832980505139,454.35883,377.05957,99.6415770609319,79.74910394265234,89.69534050179212,0.8999999999999272,N1
577365.0,68865.0,90.0,454.35883,377.05957,99.6415770609319,79.74910394265234,89.69534050179212,0.8999999999999272,N1
577395.0,68865.0,90.0,405.49802,411.59232,98.56630824372759,80.82437275985663,89.69534050179212,0.8999999999999272,N1
577425.0,68865.0,94.86832980505139,405.49802,411.59232,98.56630824372759,80.82437275985663,89.69534050179212,0.8999999999999272,N1
577455.0,68865.0,108.16653826391968,405.49802,411.59232,98.56630824372759,80.82437275985663,89.69534050179212,0.8999999999999272,N1
577605.0,68865.0,94.86832980505139,363.34335,421.57782,94.80286738351255,83.87096774193549,89.33691756272401,0.8999999999999272,N1
577725.0,68865.0,90.0,338.66394,438.58743,93.63799283154121,85.03584229390681,89.33691756272401,0.8999999999999272,N1
577755.0,68865.0,94.86832980505139,338.66394,438.58743,93.63799283154121,85.03584229390681,89.33691756272401,0.8999999999999272,N1
577785.0,68865.0,94.86832980505139,400.33145,368.1137,97.58064516129032,78.94265232974911,88.26164874551972,0.8999999999999272,N1
577815.0,68865.0,90.0,400.33145,368.1137,97.58064516129032,78.94265232974911,88.26164874551972,0.8999999999999272,N1
578415.0,68865.0,169.7056274847714,85.03351,157.81119,62.45519713261649,67.47311827956989,64.96415770609319,0.8999999999999272,N1
578445.0,68865.0,192.09372712298546,85.03351,157.81119,62.45519713261649,67.47311827956989,64.96415770609319,0.8999999999999272,N1
578475.0,68865.0,212.13203435596427,137.24057,147.7342,70.16129032258065,64.24731182795699,67.20430107526883,0.8999999999999272,N1
578505.0,68865.0,234.30749027719963,137.24057,147.7342,70.16129032258065,64.24731182795699,67.20430107526883,0.8999999999999272,N1
577005.0,68835.0,94.86832980505139,101.46227,133.54951,63.44086021505376,61.82795698924731,62.634408602150536,0.8699999999999273,N1
577035.0,68835.0,90.0,101.46227,133.54951,63.44086021505376,61.82795698924731,62.634408602150536,0.8699999999999273,N1
577065.0,68835.0,90.0,84.49576,145.50597,62.00716845878136,63.08243727598566,62.54480286738351,0.8699999999999273,N1
577095.0,68835.0,90.0,183.04654,157.44263,74.6415770609319,66.57706093189965,70.60931899641577,0.8699999999999273,N1
577125.0,68835.0,90.0,156.20729,149.36078,72.93906810035843,65.14336917562724,69.04121863799284,0.8699999999999273,N1
577155.0,68835.0,90.0,156.20729,157.45016,72.93906810035843,67.02508960573476,69.9820788530466,0.8699999999999273,N1
577515.0,68835.0,84.8528137423857,363.34335,421.57782,94.80286738351255,83.87096774193549,89.33691756272401,0.8699999999999273,N1
577545.0,68835.0,67.0820393249937,363.34335,421.57782,94.80286738351255,83.87096774193549,89.33691756272401,0.8699999999999273,N1
577575.0,68835.0,60.0,363.34335,421.57782,94.80286738351255,83.87096774193549,89.33691756272401,0.8699999999999273,N1
577605.0,68835.0,67.0820393249937,363.34335,421.57782,94.80286738351255,83.87096774193549,89.33691756272401,0.8699999999999273,N1
578505.0,68835.0,216.33307652783935,137.24057,147.7342,70.16129032258065,64.24731182795699,67.20430107526883,0.8699999999999273,N1
578535.0,68835.0,241.86773244895647,137.24057,147.7342,70.16129032258065,64.24731182795699,67.20430107526883,0.8699999999999273,N1
578565.0,68835.0,268.3281572999748,137.24057,147.7342,70.16129032258065,64.24731182795699,67.20430107526883,0.8699999999999273,N1
576975.0,68805.0,84.8528137423857,101.46227,133.54951,63.44086021505376,61.82795698924731,62.634408602150536,0.8399999999999272,N1
577005.0,68805.0,67.0820393249937,101.46227,133.54951,63.44086021505376,61.82795698924731,62.634408602150536,0.8399999999999272,N1
577335.0,68805.0,42.42640687119285,454.35883,377.05957,99.6415770609319,79.74910394265234,89.69534050179212,0.8399999999999272,N1
577365.0,68805.0,30.0,454.35883,377.05957,99.6415770609319,79.74910394265234,89.69534050179212,0.8399999999999272,N1
577395.0,68805.0,30.0,405.49802,411.59232,98.56630824372759,80.82437275985663,89.69534050179212,0.8399999999999272,N1
577425.0,68805.0,42.42640687119285,405.49802,411.59232,98.56630824372759,80.82437275985663,89.69534050179212,0.8399999999999272,N1
577455.0,68805.0,60.0,327.6267,224.59871,93.1899641577061,72.04301075268818,82.61648745519713,0.8399999999999272,N1
577485.0,68805.0,60.0,288.9481,236.13342,90.32258064516128,72.22222222222221,81.27240143369175,0.8399999999999272,N1
577515.0,68805.0,60.0,233.69382,239.4484,82.97491039426524,72.40143369175627,77.68817204301075,0.8399999999999272,N1
578565.0,68805.0,256.3201123595259,137.24057,147.7342,70.16129032258065,64.24731182795699,67.20430107526883,0.8399999999999272,N1
578595.0,68805.0,283.0194339616981,204.32405,139.52002,75.80645161290323,62.54480286738351,69.17562724014337,0.8399999999999272,N1
576975.0,68775.0,60.0,68.88052,127.69348,61.469534050179206,60.752688172043015,61.111111111111114,0.8099999999999272,N1
577005.0,68775.0,42.42640687119285,101.46227,133.54951,63.44086021505376,61.82795698924731,62.634408602150536,0.8099999999999272,N1
577035.0,68775.0,30.0,101.46227,133.54951,63.44086021505376,61.82795698924731,62.634408602150536,0.8099999999999272,N1
577065.0,68775.0,30.0,84.49576,145.50597,62.00716845878136,63.08243727598566,62.54480286738351,0.8099999999999272,N1
577095.0,68775.0,30.0,183.04654,157.44263,74.6415770609319,66.57706093189965,70.60931899641577,0.8099999999999272,N1
577125.0,68775.0,30.0,156.20729,149.36078,72.93906810035843,65.14336917562724,69.04121863799284,0.8099999999999272,N1
577155.0,68775.0,30.0,156.20729,157.45016,72.93906810035843,67.02508960573476,69.9820788530466,0.8099999999999272,N1
577185.0,68775.0,30.0,130.59094,152.96878,69.44444444444444,66.21863799283155,67.831541218638,0.8099999999999272,N1
577215.0,68775.0,30.0,118.756966,151.16641,66.93548387096774,65.50179211469535,66.21863799283155,0.8099999999999272,N1
577245.0,68775.0,30.0,254.35481,152.49452,85.75268817204301,65.86021505376344,75.80645161290323,0.8099999999999272,N1
577275.0,68775.0,30.0,224.61006,146.30263,78.40501792114696,63.530465949820794,70.96774193548387,0.8099999999999272,N1
577305.0,68775.0,30.0,194.07098,143.65376,75.62724014336918,62.72401433691756,69.17562724014337,0.8099999999999272,N1
577335.0,68775.0,30.0,172.19382,149.16782,73.47670250896059,64.87455197132617,69.17562724014337,0.8099999999999272,N1
575505.0,68685.0,295.4657340538831,206.23659,480.5553,77.06093189964157,92.29390681003584,84.6774193548387,0.7199999999999273,N1
575475.0,68655.0,283.0194339616981,206.23659,480.5553,77.06093189964157,92.29390681003584,84.6774193548387,0.6899999999999272,N1
575505.0,68655.0,268.3281572999748,206.23659,480.5553,77.06093189964157,92.29390681003584,84.6774193548387,0.6899999999999272,N1
575475.0,68625.0,256.3201123595259,237.78137,523.59125,83.78136200716845,96.68458781362007,90.23297491039426,0.6599999999999272,N1
575505.0,68625.0,241.86773244895647,206.23659,480.5553,77.06093189964157,92.29390681003584,84.6774193548387,0.6599999999999272,N1
575535.0,68625.0,228.47319317591726,206.23659,480.5553,77.06093189964157,92.29390681003584,84.6774193548387,0.6599999999999272,N1
575565.0,68625.0,216.33307652783935,243.9796,241.93732,85.03584229390681,73.02867383512545,79.03225806451613,0.6599999999999272,N1
575475.0,68595.0,228.47319317591726,237.78137,523.59125,83.78136200716845,96.68458781362007,90.23297491039426,0.6299999999999273,N1
575505.0,68595.0,216.33307652783935,206.23659,480.5553,77.06093189964157,92.29390681003584,84.6774193548387,0.6299999999999273,N1
575535.0,68595.0,201.24611797498108,206.23659,480.5553,77.06093189964157,92.29390681003584,84.6774193548387,0.6299999999999273,N1
575565.0,68595.0,189.73665961010278,206.23659,480.5553,77.06093189964157,92.29390681003584,84.6774193548387,0.6299999999999273,N1
575415.0,68565.0,228.47319317591726,282.86545,417.89725,89.42652329749103,82.25806451612904,85.84229390681003,0.5999999999999273,N1
575445.0,68565.0,216.33307652783935,237.78137,523.59125,83.78136200716845,96.68458781362007,90.23297491039426,0.5999999999999273,N1
575415.0,68535.0,201.24611797498108,282.86545,417.89725,89.42652329749103,82.25806451612904,85.84229390681003,0.5699999999999272,N1
575445.0,68535.0,189.73665961010278,282.86545,417.89725,89.42652329749103,82.25806451612904,85.84229390681003,0.5699999999999272,N1
575625.0,68505.0,84.8528137423857,243.9796,241.93732,85.03584229390681,73.02867383512545,79.03225806451613,0.5399999999999272,N1
575655.0,68505.0,67.0820393249937,243.9796,241.93732,85.03584229390681,73.02867383512545,79.03225806451613,0.5399999999999272,N1
575685.0,68505.0,60.0,243.9796,241.93732,85.03584229390681,73.02867383512545,79.03225806451613,0.5399999999999272,N1
575085.0,68475.0,300.0,263.0427,612.19507,87.27598566308244,98.74551971326166,93.01075268817205,0.5099999999999273,N1
575175.0,68475.0,256.3201123595259,263.0427,612.19507,87.27598566308244,98.74551971326166,93.01075268817205,0.5099999999999273,N1
575205.0,68475.0,241.86773244895647,129.74777,482.24158,68.1899641577061,94.53405017921148,81.36200716845879,0.5099999999999273,N1
575505.0,68475.0,108.16653826391968,237.78137,523.59125,83.78136200716845,96.68458781362007,90.23297491039426,0.5099999999999273,N1
575565.0,68475.0,84.8528137423857,206.23659,480.5553,77.06093189964157,92.29390681003584,84.6774193548387,0.5099999999999273,N1
575595.0,68475.0,67.0820393249937,206.23659,480.5553,77.06093189964157,92.29390681003584,84.6774193548387,0.5099999999999273,N1
575625.0,68475.0,60.0,206.23659,480.5553,77.06093189964157,92.29390681003584,84.6774193548387,0.5099999999999273,N1
575655.0,68475.0,42.42640687119285,243.9796,241.93732,85.03584229390681,73.02867383512545,79.03225806451613,0.5099999999999273,N1
575685.0,68475.0,30.0,243.9796,241.93732,85.03584229390681,73.02867383512545,79.03225806451613,0.5099999999999273,N1
575055.0,68445.0,295.4657340538831,320.14084,464.27582,91.93548387096774,89.06810035842294,90.50179211469535,0.47999999999992726,N1
575085.0,68445.0,276.5863337187866,263.0427,612.19507,87.27598566308244,98.74551971326166,93.01075268817205,0.47999999999992726,N1
575115.0,68445.0,258.0697580112788,263.0427,612.19507,87.27598566308244,98.74551971326166,93.01075268817205,0.47999999999992726,N1
575145.0,68445.0,241.86773244895647,263.0427,612.19507,87.27598566308244,98.74551971326166,93.01075268817205,0.47999999999992726,N1
575175.0,68445.0,228.47319317591726,263.0427,612.19507,87.27598566308244,98.74551971326166,93.01075268817205,0.47999999999992726,N1
575205.0,68445.0,216.33307652783935,129.74777,482.24158,68.1899641577061,94.53405017921148,81.36200716845879,0.47999999999992726,N1
575235.0,68445.0,201.24611797498108,129.74777,482.24158,68.1899641577061,94.53405017921148,81.36200716845879,0.47999999999992726,N1
575445.0,68445.0,108.16653826391968,282.86545,417.89725,89.42652329749103,82.25806451612904,85.84229390681003,0.47999999999992726,N1
575475.0,68445.0,94.86832980505139,282.86545,417.89725,89.42652329749103,82.25806451612904,85.84229390681003,0.47999999999992726,N1
575505.0,68445.0,84.8528137423857,237.78137,523.59125,83.78136200716845,96.68458781362007,90.23297491039426,0.47999999999992726,N1
575535.0,68445.0,67.0820393249937,237.78137,523.59125,83.78136200716845,96.68458781362007,90.23297491039426,0.47999999999992726,N1
575565.0,68445.0,60.0,237.78137,523.59125,83.78136200716845,96.68458781362007,90.23297491039426,0.47999999999992726,N1
575595.0,68445.0,42.42640687119285,206.23659,480.5553,77.06093189964157,92.29390681003584,84.6774193548387,0.47999999999992726,N1
575625.0,68445.0,30.0,206.23659,480.5553,77.06093189964157,92.29390681003584,84.6774193548387,0.47999999999992726,N1
574995.0,68415.0,300.0,320.14084,464.27582,91.93548387096774,89.06810035842294,90.50179211469535,0.44999999999992724,N1
575025.0,68415.0,283.0194339616981,320.14084,464.27582,91.93548387096774,89.06810035842294,90.50179211469535,0.44999999999992724,N1
575055.0,68415.0,268.3281572999748,320.14084,464.27582,91.93548387096774,89.06810035842294,90.50179211469535,0.44999999999992724,N1
575085.0,68415.0,254.5584412271571,263.0427,612.19507,87.27598566308244,98.74551971326166,93.01075268817205,0.44999999999992724,N1
575145.0,68415.0,216.33307652783935,263.0427,612.19507,87.27598566308244,98.74551971326166,93.01075268817205,0.44999999999992724,N1
575205.0,68415.0,189.73665961010278,263.0427,612.19507,87.27598566308244,98.74551971326166,93.01075268817205,0.44999999999992724,N1
575235.0,68415.0,174.92855684535903,129.74777,482.24158,68.1899641577061,94.53405017921148,81.36200716845879,0.44999999999992724,N1
575265.0,68415.0,161.55494421403512,129.74777,482.24158,68.1899641577061,94.53405017921148,81.36200716845879,0.44999999999992724,N1
575385.0,68415.0,108.16653826391968,179.17722,440.75015,74.01433691756273,85.84229390681004,79.92831541218638,0.44999999999992724,N1
575415.0,68415.0,94.86832980505139,179.17722,440.75015,74.01433691756273,85.84229390681004,79.92831541218638,0.44999999999992724,N1
575445.0,68415.0,84.8528137423857,282.86545,417.89725,89.42652329749103,82.25806451612904,85.84229390681003,0.44999999999992724,N1
575505.0,68415.0,60.0,282.86545,417.89725,89.42652329749103,82.25806451612904,85.84229390681003,0.44999999999992724,N1
575535.0,68415.0,42.42640687119285,237.78137,523.59125,83.78136200716845,96.68458781362007,90.23297491039426,0.44999999999992724,N1
574995.0,68385.0,276.5863337187866,320.14084,464.27582,91.93548387096774,89.06810035842294,90.50179211469535,0.41999999999992726,N1
575085.0,68385.0,228.47319317591726,320.14084,464.27582,91.93548387096774,89.06810035842294,90.50179211469535,0.41999999999992726,N1
575145.0,68385.0,192.09372712298546,263.0427,612.19507,87.27598566308244,98.74551971326166,93.01075268817205,0.41999999999992726,N1
575175.0,68385.0,174.92855684535903,263.0427,612.19507,87.27598566308244,98.74551971326166,93.01075268817205,0.41999999999992726,N1
575205.0,68385.0,161.55494421403512,263.0427,612.19507,87.27598566308244,98.74551971326166,93.01075268817205,0.41999999999992726,N1
575265.0,68385.0,134.1640786499874,129.74777,482.24158,68.1899641577061,94.53405017921148,81.36200716845879,0.41999999999992726,N1
575295.0,68385.0,123.69316876852982,129.74777,482.24158,68.1899641577061,94.53405017921148,81.36200716845879,0.41999999999992726,N1
575355.0,68385.0,94.86832980505139,394.72382,477.44708,96.7741935483871,90.68100358422939,93.72759856630825,0.41999999999992726,N1
575385.0,68385.0,84.8528137423857,179.17722,440.75015,74.01433691756273,85.84229390681004,79.92831541218638,0.41999999999992726,N1
575475.0,68385.0,42.42640687119285,282.86545,417.89725,89.42652329749103,82.25806451612904,85.84229390681003,0.41999999999992726,N1
575505.0,68385.0,30.0,282.86545,417.89725,89.42652329749103,82.25806451612904,85.84229390681003,0.41999999999992726,N1
574935.0,68355.0,296.98484809834997,369.90955,447.43213,95.96774193548387,86.82795698924731,91.3978494623656,0.38999999999992724,N1
574995.0,68355.0,254.5584412271571,320.14084,464.27582,91.93548387096774,89.06810035842294,90.50179211469535,0.38999999999992724,N1
575085.0,68355.0,201.24611797498108,320.14084,464.27582,91.93548387096774,89.06810035842294,90.50179211469535,0.38999999999992724,N1
575295.0,68355.0,94.86832980505139,129.74777,482.24158,68.1899641577061,94.53405017921148,81.36200716845879,0.38999999999992724,N1
575355.0,68355.0,67.0820393249937,394.72382,477.44708,96.7741935483871,90.68100358422939,93.72759856630825,0.38999999999992724,N1
575385.0,68355.0,60.0,394.72382,477.44708,96.7741935483871,90.68100358422939,93.72759856630825,0.38999999999992724,N1
575415.0,68355.0,42.42640687119285,179.17722,440.75015,74.01433691756273,85.84229390681004,79.92831541218638,0.38999999999992724,N1
575445.0,68355.0,30.0,179.17722,440.75015,74.01433691756273,85.84229390681004,79.92831541218638,0.38999999999992724,N1
575475.0,68355.0,30.0,139.37344,271.23007,70.78853046594982,73.65591397849462,72.22222222222223,0.38999999999992724,N1
574905.0,68325.0,296.98484809834997,184.1498,453.26315,75.17921146953405,87.54480286738351,81.36200716845877,0.35999999999992727,N1
574935.0,68325.0,276.5863337187866,184.1498,453.26315,75.17921146953405,87.54480286738351,81.36200716845877,0.35999999999992727,N1
574995.0,68325.0,234.30749027719963,369.90955,447.43213,95.96774193548387,86.82795698924731,91.3978494623656,0.35999999999992727,N1
575025.0,68325.0,212.13203435596427,320.14084,464.27582,91.93548387096774,89.06810035842294,90.50179211469535,0.35999999999992727,N1
575055.0,68325.0,192.09372712298546,320.14084,464.27582,91.93548387096774,89.06810035842294,90.50179211469535,0.35999999999992727,N1
575085.0,68325.0,174.92855684535903,320.14084,464.27582,91.93548387096774,89.06810035842294,90.50179211469535,0.35999999999992727,N1
575295.0,68325.0,67.0820393249937,129.74777,482.24158,68.1899641577061,94.53405017921148,81.36200716845879,0.35999999999992727,N1
575325.0,68325.0,60.0,129.74777,482.24158,68.1899641577061,94.53405017921148,81.36200716845879,0.35999999999992727,N1
575355.0,68325.0,42.42640687119285,394.72382,477.44708,96.7741935483871,90.68100358422939,93.72759856630825,0.35999999999992727,N1
575385.0,68325.0,30.0,394.72382,477.44708,96.7741935483871,90.68100358422939,93.72759856630825,0.35999999999992727,N1
574875.0,68295.0,296.98484809834997,149.27827,293.9137,72.22222222222221,74.01433691756273,73.11827956989248,0.32999999999992724,N1
575265.0,68295.0,60.0,263.0427,612.19507,87.27598566308244,98.74551971326166,93.01075268817205,0.32999999999992724,N1
575295.0,68295.0,42.42640687119285,129.74777,482.24158,68.1899641577061,94.53405017921148,81.36200716845879,0.32999999999992724,N1
575325.0,68295.0,30.0,129.74777,482.24158,68.1899641577061,94.53405017921148,81.36200716845879,0.32999999999992724,N1
574875.0,68265.0,276.5863337187866,233.0948,366.2343,80.73476702508961,76.43369175627241,78.584229390681,0.2999999999999272,N1
575235.0,68265.0,42.42640687119285,263.0427,612.19507,87.27598566308244,98.74551971326166,93.01075268817205,0.2999999999999272,N1
575265.0,68265.0,30.0,263.0427,612.19507,87.27598566308244,98.74551971326166,93.01075268817205,0.2999999999999272,N1
574875.0,68235.0,254.5584412271571,233.0948,366.2343,80.73476702508961,76.43369175627241,78.584229390681,0.26999999999992724,N1
575205.0,68235.0,42.42640687119285,319.3044,522.6587,90.59139784946237,95.78853046594982,93.1899641577061,0.26999999999992724,N1
575235.0,68235.0,30.0,319.3044,522.6587,90.59139784946237,95.78853046594982,93.1899641577061,0.26999999999992724,N1
574845.0,68205.0,258.0697580112788,233.0948,366.2343,80.73476702508961,76.43369175627241,78.584229390681,0.23999999999992724,N1
574875.0,68205.0,234.30749027719963,233.0948,366.2343,80.73476702508961,76.43369175627241,78.584229390681,0.23999999999992724,N1
575145.0,68205.0,42.42640687119285,320.14084,464.27582,91.93548387096774,89.06810035842294,90.50179211469535,0.23999999999992724,N1
575175.0,68205.0,30.0,320.14084,464.27582,91.93548387096774,89.06810035842294,90.50179211469535,0.23999999999992724,N1
575205.0,68205.0,30.0,148.16176,442.69373,71.86379928315412,86.37992831541219,79.12186379928315,0.23999999999992724,N1
574785.0,68175.0,295.4657340538831,233.0948,366.2343,80.73476702508961,76.43369175627241,78.584229390681,0.20999999999992724,N1
574815.0,68175.0,268.3281572999748,233.0948,366.2343,80.73476702508961,76.43369175627241,78.584229390681,0.20999999999992724,N1
574845.0,68175.0,241.86773244895647,233.0948,366.2343,80.73476702508961,76.43369175627241,78.584229390681,0.20999999999992724,N1
575085.0,68175.0,67.0820393249937,184.1498,453.26315,75.17921146953405,87.54480286738351,81.36200716845877,0.20999999999992724,N1
575115.0,68175.0,42.42640687119285,369.90955,447.43213,95.96774193548387,86.82795698924731,91.3978494623656,0.20999999999992724,N1
575145.0,68175.0,30.0,369.90955,447.43213,95.96774193548387,86.82795698924731,91.3978494623656,0.20999999999992724,N1
574845.0,68145.0,228.47319317591726,233.0948,366.2343,80.73476702508961,76.43369175627241,78.584229390681,0.17999999999992725,N1
574875.0,68145.0,201.24611797498108,233.0948,366.2343,80.73476702508961,76.43369175627241,78.584229390681,0.17999999999992725,N1
574905.0,68145.0,174.92855684535903,233.0948,366.2343,80.73476702508961,76.43369175627241,78.584229390681,0.17999999999992725,N1
574935.0,68145.0,150.0,233.0948,366.2343,80.73476702508961,76.43369175627241,78.584229390681,0.17999999999992725,N1
574965.0,68145.0,127.27922061357854,233.0948,366.2343,80.73476702508961,76.43369175627241,78.584229390681,0.17999999999992725,N1
574995.0,68145.0,108.16653826391968,233.0948,366.2343,80.73476702508961,76.43369175627241,78.584229390681,0.17999999999992725,N1
575085.0,68145.0,42.42640687119285,184.1498,453.26315,75.17921146953405,87.54480286738351,81.36200716845877,0.17999999999992725,N1
574995.0,68115.0,84.8528137423857,233.0948,366.2343,80.73476702508961,76.43369175627241,78.584229390681,0.14999999999992725,N1
575085.0,68115.0,30.0,149.27827,293.9137,72.22222222222221,74.01433691756273,73.11827956989248,0.14999999999992725,N1
574995.0,68085.0,67.0820393249937,233.0948,366.2343,80.73476702508961,76.43369175627241,78.584229390681,0.11999999999992723,N1
575055.0,68085.0,30.0,233.0948,366.2343,80.73476702508961,76.43369175627241,78.584229390681,0.11999999999992723,N1
575085.0,68085.0,0.0,149.27827,293.9137,72.22222222222221,74.01433691756273,73.11827956989248,0.11999999999992723,N1
574845.0,68055.0,210.0,233.0948,366.2343,80.73476702508961,76.43369175627241,78.584229390681,0.08999999999992724,N1
574875.0,68055.0,180.0,233.0948,366.2343,80.73476702508961,76.43369175627241,78.584229390681,0.08999999999992724,N1
574905.0,68055.0,150.0,233.0948,366.2343,80.73476702508961,76.43369175627241,78.584229390681,0.08999999999992724,N1
574935.0,68055.0,120.0,233.0948,366.2343,80.73476702508961,76.43369175627241,78.584229390681,0.08999999999992724,N1
574965.0,68055.0,90.0,233.0948,366.2343,80.73476702508961,76.43369175627241,78.584229390681,0.08999999999992724,N1
574995.0,68055.0,60.0,233.0948,366.2343,80.73476702508961,76.43369175627241,78.584229390681,0.08999999999992724,N1
575025.0,68055.0,30.0,233.0948,366.2343,80.73476702508961,76.43369175627241,78.584229390681,0.08999999999992724,N1
575055.0,68055.0,0.0,233.0948,366.2343,80.73476702508961,76.43369175627241,78.584229390681,0.08999999999992724,N1
574845.0,68025.0,210.0,140.1242,212.40677,71.05734767025089,71.7741935483871,71.415770609319,0.059999999999927243,N1
575025.0,68025.0,30.0,140.1242,212.40677,71.05734767025089,71.7741935483871,71.415770609319,0.059999999999927243,N1
574845.0,67995.0,201.24611797498108,111.201866,185.27377,66.21863799283155,68.36917562724014,67.29390681003585,0.02999999999992724,N1
575025.0,67995.0,30.0,140.45338,164.74599,71.50537634408603,67.74193548387096,69.6236559139785,0.02999999999992724,N1
574815.0,67965.0,218.40329667841553,111.201866,185.27377,66.21863799283155,68.36917562724014,67.29390681003585,-7.275957614183426e-14,S1
574845.0,67965.0,189.73665961010278,111.201866,185.27377,66.21863799283155,68.36917562724014,67.29390681003585,-7.275957614183426e-14,S1
574995.0,67965.0,60.0,140.45338,128.38994,71.50537634408603,61.02150537634409,66.26344086021506,-7.275957614183426e-14,S1
575025.0,67965.0,30.0,140.45338,128.38994,71.50537634408603,61.02150537634409,66.26344086021506,-7.275957614183426e-14,S1
574815.0,67935.0,212.13203435596427,111.201866,185.27377,66.21863799283155,68.36917562724014,67.29390681003585,-0.03000000000007276,S1
574995.0,67935.0,42.42640687119285,111.201866,185.27377,66.21863799283155,68.36917562724014,67.29390681003585,-0.03000000000007276,S1
574725.0,67905.0,284.60498941515414,102.0744,97.27832,64.87455197132617,58.06451612903226,61.46953405017922,-0.06000000000007276,S1
574755.0,67905.0,256.3201123595259,102.0744,97.27832,64.87455197132617,58.06451612903226,61.46953405017922,-0.06000000000007276,S1
574785.0,67905.0,228.47319317591726,102.0744,97.27832,64.87455197132617,58.06451612903226,61.46953405017922,-0.06000000000007276,S1
574815.0,67905.0,201.24611797498108,102.0744,97.27832,64.87455197132617,58.06451612903226,61.46953405017922,-0.06000000000007276,S1
574995.0,67905.0,30.0,111.201866,185.27377,66.21863799283155,68.36917562724014,67.29390681003585,-0.06000000000007276,S1
574725.0,67875.0,276.5863337187866,102.0744,97.27832,64.87455197132617,58.06451612903226,61.46953405017922,-0.09000000000007276,S1
574995.0,67875.0,30.0,93.113976,196.75983,62.72401433691756,68.99641577060932,65.86021505376344,-0.09000000000007276,S1
574695.0,67845.0,295.4657340538831,38.272392,97.55413,58.333333333333336,59.40860215053764,58.87096774193549,-0.12000000000007276,S1
574725.0,67845.0,268.3281572999748,38.272392,97.55413,58.333333333333336,59.40860215053764,58.87096774193549,-0.12000000000007276,S1
574935.0,67845.0,67.0820393249937,102.0744,97.27832,64.87455197132617,58.06451612903226,61.46953405017922,-0.12000000000007276,S1
574965.0,67845.0,42.42640687119285,102.0744,97.27832,64.87455197132617,58.06451612903226,61.46953405017922,-0.12000000000007276,S1
574995.0,67845.0,30.0,102.0744,97.27832,64.87455197132617,58.06451612903226,61.46953405017922,-0.12000000000007276,S1
574725.0,67815.0,256.3201123595259,38.272392,97.55413,58.333333333333336,59.40860215053764,58.87096774193549,-0.15000000000007277,S1
574935.0,67815.0,60.0,102.0744,97.27832,64.87455197132617,58.06451612903226,61.46953405017922,-0.15000000000007277,S1
574725.0,67785.0,241.86773244895647,24.328968,69.24408,46.68458781362007,55.107526881720425,50.89605734767025,-0.18000000000007277,S1
574755.0,67785.0,216.33307652783935,24.328968,69.24408,46.68458781362007,55.107526881720425,50.89605734767025,-0.18000000000007277,S1
574905.0,67785.0,84.8528137423857,38.272392,97.55413,58.333333333333336,59.40860215053764,58.87096774193549,-0.18000000000007277,S1
574935.0,67785.0,60.0,70.22219,107.58064,61.648745519713266,60.57347670250897,61.111111111111114,-0.18000000000007277,S1
574755.0,67755.0,201.24611797498108,24.328968,69.24408,46.68458781362007,55.107526881720425,50.89605734767025,-0.21000000000007277,S1
574785.0,67755.0,174.92855684535903,24.328968,69.24408,46.68458781362007,55.107526881720425,50.89605734767025,-0.21000000000007277,S1
574905.0,67755.0,67.0820393249937,38.272392,97.55413,58.333333333333336,59.40860215053764,58.87096774193549,-0.21000000000007277,S1
574785.0,67725.0,161.55494421403512,24.328968,69.24408,46.68458781362007,55.107526881720425,50.89605734767025,-0.24000000000007277,S1
574845.0,67725.0,108.16653826391968,24.328968,69.24408,46.68458781362007,55.107526881720425,50.89605734767025,-0.24000000000007277,S1
574875.0,67725.0,84.8528137423857,24.328968,69.24408,46.68458781362007,55.107526881720425,50.89605734767025,-0.24000000000007277,S1
574905.0,67725.0,60.0,38.272392,97.55413,58.333333333333336,59.40860215053764,58.87096774193549,-0.24000000000007277,S1
574785.0,67695.0,152.97058540778355,24.328968,69.24408,46.68458781362007,55.107526881720425,50.89605734767025,-0.27000000000007274,S1
574845.0,67695.0,94.86832980505139,24.328968,69.24408,46.68458781362007,55.107526881720425,50.89605734767025,-0.27000000000007274,S1
574785.0,67665.0,150.0,24.328968,69.24408,46.68458781362007,55.107526881720425,50.89605734767025,-0.30000000000007276,S1
574845.0,67665.0,90.0,24.328968,69.24408,46.68458781362007,55.107526881720425,50.89605734767025,-0.30000000000007276,S1
574875.0,67665.0,60.0,24.328968,69.24408,46.68458781362007,55.107526881720425,50.89605734767025,-0.30000000000007276,S1
574785.0,67635.0,150.0,25.336163,49.164734,50.0,45.340501792114694,47.67025089605735,-0.33000000000007274,S1
574845.0,67635.0,90.0,23.5123,66.127884,45.250896057347674,51.70250896057348,48.47670250896058,-0.33000000000007274,S1
574875.0,67635.0,60.0,23.5123,66.127884,45.250896057347674,51.70250896057348,48.47670250896058,-0.33000000000007274,S1
574785.0,67605.0,134.1640786499874,25.336163,49.164734,50.0,45.340501792114694,47.67025089605735,-0.36000000000007276,S1
574845.0,67605.0,84.8528137423857,25.336163,49.164734,50.0,45.340501792114694,47.67025089605735,-0.36000000000007276,S1
574665.0,67575.0,241.86773244895647,25.336163,49.164734,50.0,45.340501792114694,47.67025089605735,-0.39000000000007273,S1
574695.0,67575.0,212.13203435596427,25.336163,49.164734,50.0,45.340501792114694,47.67025089605735,-0.39000000000007273,S1
574755.0,67575.0,152.97058540778355,25.336163,49.164734,50.0,45.340501792114694,47.67025089605735,-0.39000000000007273,S1
574785.0,67575.0,123.69316876852982,25.336163,49.164734,50.0,45.340501792114694,47.67025089605735,-0.39000000000007273,S1
574845.0,67575.0,67.0820393249937,25.336163,49.164734,50.0,45.340501792114694,47.67025089605735,-0.39000000000007273,S1
574665.0,67545.0,240.0,25.336163,49.164734,50.0,45.340501792114694,47.67025089605735,-0.42000000000007276,S1
574695.0,67545.0,210.0,25.336163,49.164734,50.0,45.340501792114694,47.67025089605735,-0.42000000000007276,S1
574725.0,67545.0,180.0,25.336163,49.164734,50.0,45.340501792114694,47.67025089605735,-0.42000000000007276,S1
574755.0,67545.0,150.0,25.336163,49.164734,50.0,45.340501792114694,47.67025089605735,-0.42000000000007276,S1
574845.0,67545.0,60.0,25.336163,49.164734,50.0,45.340501792114694,47.67025089605735,-0.42000000000007276,S1
574665.0,67515.0,228.47319317591726,22.244654,66.956604,44.354838709677416,53.136200716845885,48.74551971326165,-0.4500000000000728,S1
574815.0,67515.0,90.0,22.759712,66.61105,44.89247311827957,52.41935483870967,48.655913978494624,-0.4500000000000728,S1
574845.0,67515.0,60.0,22.759712,66.61105,44.89247311827957,52.41935483870967,48.655913978494624,-0.4500000000000728,S1
574635.0,67485.0,228.47319317591726,29.287304,72.356575,55.017921146953405,56.63082437275986,55.82437275985663,-0.48000000000007276,S1
574665.0,67485.0,216.33307652783935,26.811058,68.58278,51.792114695340494,53.76344086021505,52.77777777777777,-0.48000000000007276,S1
574815.0,67485.0,84.8528137423857,22.244654,66.956604,44.354838709677416,53.136200716845885,48.74551971326165,-0.48000000000007276,S1
574635.0,67455.0,201.24611797498108,29.287304,72.356575,55.017921146953405,56.63082437275986,55.82437275985663,-0.5100000000000727,S1
574815.0,67455.0,67.0820393249937,22.244654,66.956604,44.354838709677416,53.136200716845885,48.74551971326165,-0.5100000000000727,S1
574635.0,67425.0,174.92855684535903,29.287304,72.356575,55.017921146953405,56.63082437275986,55.82437275985663,-0.5400000000000728,S1
574785.0,67425.0,84.8528137423857,21.058727,102.75871,42.831541218637994,60.215053763440864,51.52329749103943,-0.5400000000000728,S1
574815.0,67425.0,60.0,22.244654,66.956604,44.354838709677416,53.136200716845885,48.74551971326165,-0.5400000000000728,S1
574635.0,67395.0,150.0,29.287304,72.356575,55.017921146953405,56.63082437275986,55.82437275985663,-0.5700000000000728,S1
574785.0,67395.0,67.0820393249937,21.058727,102.75871,42.831541218637994,60.215053763440864,51.52329749103943,-0.5700000000000728,S1
574575.0,67365.0,169.7056274847714,29.0028,40.122643,54.03225806451613,41.21863799283154,47.62544802867383,-0.6000000000000728,S1
574605.0,67365.0,150.0,29.0028,40.122643,54.03225806451613,41.21863799283154,47.62544802867383,-0.6000000000000728,S1
574635.0,67365.0,127.27922061357854,29.287304,72.356575,55.017921146953405,56.63082437275986,55.82437275985663,-0.6000000000000728,S1
574785.0,67365.0,60.0,26.811058,68.58278,51.792114695340494,53.76344086021505,52.77777777777777,-0.6000000000000728,S1
574815.0,67365.0,30.0,21.058727,102.75871,42.831541218637994,60.215053763440864,51.52329749103943,-0.6000000000000728,S1
574545.0,67335.0,174.92855684535903,29.0028,40.122643,54.03225806451613,41.21863799283154,47.62544802867383,-0.6300000000000727,S1
574575.0,67335.0,150.0,29.0028,40.122643,54.03225806451613,41.21863799283154,47.62544802867383,-0.6300000000000727,S1
574815.0,67335.0,30.0,21.395845,66.53657,43.27956989247312,52.060931899641574,47.67025089605735,-0.6300000000000727,S1
574545.0,67305.0,161.55494421403512,24.664785,51.152195,48.2078853046595,46.95340501792115,47.58064516129032,-0.6600000000000728,S1
574785.0,67305.0,0.0,26.811058,68.58278,51.792114695340494,53.76344086021505,52.77777777777777,-0.6600000000000728,S1
574815.0,67305.0,0.0,21.395845,66.53657,43.27956989247312,52.060931899641574,47.67025089605735,-0.6600000000000728,S1
574545.0,67275.0,134.1640786499874,24.664785,51.152195,48.2078853046595,46.95340501792115,47.58064516129032,-0.6900000000000728,S1
574785.0,67275.0,0.0,23.785324,72.79497,45.51971326164875,57.168458781362006,51.344086021505376,-0.6900000000000728,S1
574515.0,67245.0,127.27922061357854,24.664785,51.152195,48.2078853046595,46.95340501792115,47.58064516129032,-0.7200000000000728,S1
574545.0,67245.0,108.16653826391968,24.664785,51.152195,48.2078853046595,46.95340501792115,47.58064516129032,-0.7200000000000728,S1
574695.0,67245.0,0.0,29.0028,40.122643,54.03225806451613,41.21863799283154,47.62544802867383,-0.7200000000000728,S1
574725.0,67245.0,0.0,25.013405,44.745056,48.74551971326165,43.727598566308245,46.236559139784944,-0.7200000000000728,S1
574755.0,67245.0,0.0,21.86584,44.236557,43.90681003584229,43.54838709677419,43.727598566308245,-0.7200000000000728,S1
574785.0,67245.0,0.0,19.912327,38.8698,42.29390681003584,40.681003584229394,41.48745519713262,-0.7200000000000728,S1
574485.0,67215.0,127.27922061357854,32.064613,57.882965,56.89964157706093,50.08960573476703,53.49462365591398,-0.7500000000000727,S1
574515.0,67215.0,108.16653826391968,32.064613,57.882965,56.89964157706093,50.08960573476703,53.49462365591398,-0.7500000000000727,S1
574665.0,67215.0,30.0,26.191467,56.252216,51.344086021505376,49.01433691756272,50.17921146953405,-0.7500000000000727,S1
574695.0,67215.0,0.0,29.0028,66.793594,54.03225806451613,52.68817204301075,53.36021505376344,-0.7500000000000727,S1
574485.0,67185.0,108.16653826391968,32.064613,57.882965,56.89964157706093,50.08960573476703,53.49462365591398,-0.7800000000000727,S1
574635.0,67185.0,30.0,21.531208,46.022545,43.63799283154122,43.99641577060932,43.817204301075265,-0.7800000000000727,S1
574665.0,67185.0,0.0,26.191467,56.252216,51.344086021505376,49.01433691756272,50.17921146953405,-0.7800000000000727,S1
574455.0,67155.0,123.69316876852982,32.064613,57.882965,56.89964157706093,50.08960573476703,53.49462365591398,-0.8100000000000728,S1
574485.0,67155.0,94.86832980505139,32.064613,57.882965,56.89964157706093,50.08960573476703,53.49462365591398,-0.8100000000000728,S1
574575.0,67155.0,30.0,32.064613,57.882965,56.89964157706093,50.08960573476703,53.49462365591398,-0.8100000000000728,S1
574605.0,67155.0,0.0,24.664785,51.152195,48.2078853046595,46.95340501792115,47.58064516129032,-0.8100000000000728,S1
574635.0,67155.0,0.0,21.531208,46.022545,43.63799283154122,43.99641577060932,43.817204301075265,-0.8100000000000728,S1
574455.0,67125.0,120.0,32.064613,57.882965,56.89964157706093,50.08960573476703,53.49462365591398,-0.8400000000000728,S1
574515.0,67125.0,60.0,32.064613,57.882965,56.89964157706093,50.08960573476703,53.49462365591398,-0.8400000000000728,S1
574545.0,67125.0,30.0,32.064613,57.882965,56.89964157706093,50.08960573476703,53.49462365591398,-0.8400000000000728,S1
574575.0,67125.0,0.0,32.064613,57.882965,56.89964157706093,50.08960573476703,53.49462365591398,-0.8400000000000728,S1
574455.0,67095.0,120.0,31.782291,61.22235,55.7347670250896,51.25448028673835,53.494623655913976,-0.8700000000000727,S1
574485.0,67095.0,90.0,31.782291,61.22235,55.7347670250896,51.25448028673835,53.494623655913976,-0.8700000000000727,S1
574515.0,67095.0,60.0,31.782291,61.22235,55.7347670250896,51.25448028673835,53.494623655913976,-0.8700000000000727,S1
574425.0,67035.0,152.97058540778355,27.383469,55.113976,52.77777777777778,48.11827956989247,50.448028673835125,-0.9300000000000728,S1
574455.0,67035.0,123.69316876852982,27.383469,55.113976,52.77777777777778,48.11827956989247,50.448028673835125,-0.9300000000000728,S1
574395.0,67005.0,189.73665961010278,27.383469,55.113976,52.77777777777778,48.11827956989247,50.448028673835125,-0.9600000000000728,S1
574425.0,67005.0,161.55494421403512,27.383469,55.113976,52.77777777777778,48.11827956989247,50.448028673835125,-0.9600000000000728,S1
574455.0,67005.0,134.1640786499874,27.383469,55.113976,52.77777777777778,48.11827956989247,50.448028673835125,-0.9600000000000728,S1
574485.0,67005.0,108.16653826391968,27.383469,55.113976,52.77777777777778,48.11827956989247,50.448028673835125,-0.9600000000000728,S1
574515.0,67005.0,84.8528137423857,27.383469,55.113976,52.77777777777778,48.11827956989247,50.448028673835125,-0.9600000000000728,S1
574395.0,66975.0,201.24611797498108,27.383469,55.113976,52.77777777777778,48.11827956989247,50.448028673835125,-0.9900000000000727,S1
574515.0,66975.0,90.0,20.223866,29.572279,42.473118279569896,38.17204301075269,40.322580645161295,-0.9900000000000727,S1
574365.0,66945.0,240.0,19.696793,33.387455,41.84587813620072,39.157706093189965,40.50179211469534,-1.0200000000000728,S2
574395.0,66945.0,210.0,19.696793,33.387455,41.84587813620072,39.157706093189965,40.50179211469534,-1.0200000000000728,S2
574515.0,66945.0,90.0,19.696793,33.387455,41.84587813620072,39.157706093189965,40.50179211469534,-1.0200000000000728,S2
574545.0,66945.0,60.0,19.696793,33.387455,41.84587813620072,39.157706093189965,40.50179211469534,-1.0200000000000728,S2
574365.0,66915.0,240.0,19.07181,42.485275,37.634408602150536,42.65232974910394,40.14336917562724,-1.0500000000000727,S2
574395.0,66915.0,210.0,19.07181,42.485275,37.634408602150536,42.65232974910394,40.14336917562724,-1.0500000000000727,S2
574545.0,66915.0,60.0,19.07181,42.485275,37.634408602150536,42.65232974910394,40.14336917562724,-1.0500000000000727,S2
574395.0,66885.0,210.0,17.919323,43.051357,36.73835125448029,43.18996415770609,39.96415770609319,-1.0800000000000727,S2
574545.0,66885.0,60.0,17.919323,43.051357,36.73835125448029,43.18996415770609,39.96415770609319,-1.0800000000000727,S2
574575.0,66885.0,30.0,17.919323,43.051357,36.73835125448029,43.18996415770609,39.96415770609319,-1.0800000000000727,S2
574395.0,66855.0,210.0,18.09455,34.999985,37.18637992831541,39.69534050179212,38.44086021505376,-1.1100000000000727,S2
574575.0,66855.0,30.0,18.09455,34.999985,37.18637992831541,39.69534050179212,38.44086021505376,-1.1100000000000727,S2
574395.0,66825.0,210.0,19.072344,36.12398,38.26164874551971,40.23297491039426,39.247311827956985,-1.1400000000000727,S2
574515.0,66825.0,90.0,19.072344,36.12398,38.26164874551971,40.23297491039426,39.247311827956985,-1.1400000000000727,S2
574545.0,66825.0,60.0,19.072344,36.12398,38.26164874551971,40.23297491039426,39.247311827956985,-1.1400000000000727,S2
574575.0,66825.0,30.0,19.072344,36.12398,38.26164874551971,40.23297491039426,39.247311827956985,-1.1400000000000727,S2
574395.0,66795.0,210.0,19.295,30.81927,40.59139784946236,38.44086021505376,39.516129032258064,-1.1700000000000728,S2
574515.0,66795.0,90.0,19.295,30.81927,40.59139784946236,38.44086021505376,39.516129032258064,-1.1700000000000728,S2
574395.0,66765.0,210.0,17.725788,24.962234,36.11111111111111,35.93189964157706,36.02150537634408,-1.2000000000000728,S2
574425.0,66765.0,180.0,17.725788,24.962234,36.11111111111111,35.93189964157706,36.02150537634408,-1.2000000000000728,S2
574515.0,66765.0,90.0,17.725788,24.962234,36.11111111111111,35.93189964157706,36.02150537634408,-1.2000000000000728,S2
574545.0,66765.0,60.0,17.725788,24.962234,36.11111111111111,35.93189964157706,36.02150537634408,-1.2000000000000728,S2
574425.0,66735.0,180.0,19.212463,26.842525,39.516129032258064,37.18637992831541,38.35125448028674,-1.2300000000000728,S2
574545.0,66735.0,60.0,19.212463,26.842525,39.516129032258064,37.18637992831541,38.35125448028674,-1.2300000000000728,S2
574365.0,66705.0,241.86773244895647,19.212463,26.842525,39.516129032258064,37.18637992831541,38.35125448028674,-1.2600000000000728,S2
574395.0,66705.0,212.13203435596427,19.212463,26.842525,39.516129032258064,37.18637992831541,38.35125448028674,-1.2600000000000728,S2
574425.0,66705.0,182.48287590894657,19.212463,26.842525,39.516129032258064,37.18637992831541,38.35125448028674,-1.2600000000000728,S2
574545.0,66705.0,67.0820393249937,19.212463,26.842525,39.516129032258064,37.18637992831541,38.35125448028674,-1.2600000000000728,S2
574575.0,66705.0,42.42640687119285,19.212463,26.842525,39.516129032258064,37.18637992831541,38.35125448028674,-1.2600000000000728,S2
574365.0,66675.0,247.38633753705963,19.212463,26.842525,39.516129032258064,37.18637992831541,38.35125448028674,-1.2900000000000729,S2
574575.0,66675.0,60.0,19.347624,40.575027,41.12903225806452,42.02508960573476,41.57706093189964,-1.2900000000000729,S2
574365.0,66645.0,256.3201123595259,19.212463,26.842525,39.516129032258064,37.18637992831541,38.35125448028674,-1.3200000000000727,S2
574575.0,66645.0,67.0820393249937,19.347624,40.575027,41.12903225806452,42.02508960573476,41.57706093189964,-1.3200000000000727,S2
574605.0,66645.0,42.42640687119285,19.347624,40.575027,41.12903225806452,42.02508960573476,41.57706093189964,-1.3200000000000727,S2
574365.0,66615.0,268.3281572999748,19.212463,26.842525,39.516129032258064,37.18637992831541,38.35125448028674,-1.3500000000000727,S2
574575.0,66615.0,84.8528137423857,19.347624,40.575027,41.12903225806452,42.02508960573476,41.57706093189964,-1.3500000000000727,S2
574605.0,66615.0,60.0,17.53011,31.942886,35.483870967741936,38.70967741935484,37.096774193548384,-1.3500000000000727,S2
574365.0,66585.0,256.3201123595259,16.780617,16.315144,34.13978494623656,33.42293906810036,33.78136200716846,-1.3800000000000727,S2
574575.0,66585.0,84.8528137423857,17.57969,20.505648,35.66308243727598,35.12544802867383,35.3942652329749,-1.3800000000000727,S2
574365.0,66555.0,247.38633753705963,16.780617,16.315144,34.13978494623656,33.42293906810036,33.78136200716846,-1.4100000000000728,S2
574575.0,66555.0,67.0820393249937,16.780617,16.315144,34.13978494623656,33.42293906810036,33.78136200716846,-1.4100000000000728,S2
574365.0,66525.0,241.86773244895647,16.780617,16.315144,34.13978494623656,33.42293906810036,33.78136200716846,-1.4400000000000728,S2
574575.0,66525.0,42.42640687119285,16.780617,16.315144,34.13978494623656,33.42293906810036,33.78136200716846,-1.4400000000000728,S2
574305.0,66495.0,300.0,16.780617,16.315144,34.13978494623656,33.42293906810036,33.78136200716846,-1.4700000000000728,S2
574365.0,66495.0,240.0,16.780617,16.315144,34.13978494623656,33.42293906810036,33.78136200716846,-1.4700000000000728,S2
574575.0,66495.0,30.0,16.780617,16.315144,34.13978494623656,33.42293906810036,33.78136200716846,-1.4700000000000728,S2
574305.0,66465.0,300.0,14.205061,13.754867,31.09318996415771,21.415770609318997,26.254480286738353,-1.5000000000000728,S2
574335.0,66465.0,270.0,16.94049,17.00362,35.12544802867383,34.587813620071685,34.85663082437276,-1.5000000000000728,S2
574365.0,66465.0,240.0,16.94049,17.00362,35.12544802867383,34.587813620071685,34.85663082437276,-1.5000000000000728,S2
574575.0,66465.0,30.0,16.94049,17.00362,35.12544802867383,34.587813620071685,34.85663082437276,-1.5000000000000728,S2
574545.0,66435.0,60.0,16.75744,16.139494,33.15412186379928,29.56989247311828,31.36200716845878,-1.5300000000000729,S2
574575.0,66435.0,30.0,16.75744,16.139494,33.15412186379928,29.56989247311828,31.36200716845878,-1.5300000000000729,S2
574275.0,66405.0,295.4657340538831,14.205061,13.754867,31.09318996415771,21.415770609318997,26.254480286738353,-1.5600000000000727,S2
574305.0,66405.0,268.3281572999748,14.205061,13.754867,31.09318996415771,21.415770609318997,26.254480286738353,-1.5600000000000727,S2
574545.0,66405.0,67.0820393249937,16.75744,16.139494,33.15412186379928,29.56989247311828,31.36200716845878,-1.5600000000000727,S2
574305.0,66375.0,256.3201123595259,14.205061,13.754867,31.09318996415771,21.415770609318997,26.254480286738353,-1.5900000000000727,S2
574335.0,66375.0,228.47319317591726,14.205061,13.754867,31.09318996415771,21.415770609318997,26.254480286738353,-1.5900000000000727,S2
574545.0,66375.0,60.0,16.443947,19.060104,32.795698924731184,34.946236559139784,33.87096774193549,-1.5900000000000727,S2
574335.0,66345.0,218.40329667841553,14.205061,13.754867,31.09318996415771,21.415770609318997,26.254480286738353,-1.6200000000000727,S2
574515.0,66345.0,67.0820393249937,14.205061,13.754867,31.09318996415771,21.415770609318997,26.254480286738353,-1.6200000000000727,S2
574545.0,66345.0,42.42640687119285,15.805121,16.543049,32.61648745519714,34.229390681003586,33.42293906810036,-1.6200000000000727,S2
574275.0,66315.0,271.66155414412253,14.205061,13.754867,31.09318996415771,21.415770609318997,26.254480286738353,-1.6500000000000727,S2
574305.0,66315.0,241.86773244895647,14.205061,13.754867,31.09318996415771,21.415770609318997,26.254480286738353,-1.6500000000000727,S2
574335.0,66315.0,212.13203435596427,14.205061,13.754867,31.09318996415771,21.415770609318997,26.254480286738353,-1.6500000000000727,S2
574515.0,66315.0,42.42640687119285,14.205061,13.754867,31.09318996415771,21.415770609318997,26.254480286738353,-1.6500000000000727,S2
574245.0,66285.0,300.0,14.205061,13.754867,31.09318996415771,21.415770609318997,26.254480286738353,-1.6800000000000728,S2
574275.0,66285.0,270.0,14.205061,13.754867,31.09318996415771,21.415770609318997,26.254480286738353,-1.6800000000000728,S2
574515.0,66285.0,30.0,14.205061,13.754867,31.09318996415771,21.415770609318997,26.254480286738353,-1.6800000000000728,S2
574245.0,66255.0,300.0,12.717273,14.595746,26.0752688172043,26.971326164874554,26.52329749103943,-1.7100000000000728,S2
574515.0,66255.0,30.0,12.717273,14.595746,26.0752688172043,26.971326164874554,26.52329749103943,-1.7100000000000728,S2
574245.0,66225.0,295.4657340538831,12.303158,12.991435,23.118279569892472,17.741935483870968,20.43010752688172,-1.7400000000000728,S2
574485.0,66225.0,60.0,13.263992,13.319609,28.9426523297491,19.623655913978492,24.283154121863795,-1.7400000000000728,S2
574515.0,66225.0,30.0,13.263992,13.319609,28.9426523297491,19.623655913978492,24.283154121863795,-1.7400000000000728,S2
574245.0,66195.0,283.0194339616981,12.6770735,12.649915,25.448028673835125,15.232974910394265,20.340501792114694,-1.7700000000000728,S2
574485.0,66195.0,60.0,13.249134,13.124714,28.673835125448026,18.996415770609318,23.83512544802867,-1.7700000000000728,S2
574215.0,66165.0,295.4657340538831,12.6770735,12.649915,25.448028673835125,15.232974910394265,20.340501792114694,-1.8000000000000727,S2
574245.0,66165.0,268.3281572999748,12.6770735,12.649915,25.448028673835125,15.232974910394265,20.340501792114694,-1.8000000000000727,S2
574485.0,66165.0,60.0,11.2135725,12.580975,16.218637992831543,14.605734767025089,15.412186379928315,-1.8000000000000727,S2
574515.0,66165.0,30.0,11.2135725,12.580975,16.218637992831543,14.605734767025089,15.412186379928315,-1.8000000000000727,S2
574185.0,66135.0,300.0,11.567238,12.098993,19.892473118279568,10.75268817204301,15.322580645161288,-1.8300000000000727,S2
574215.0,66135.0,276.5863337187866,11.567238,12.098993,19.892473118279568,10.75268817204301,15.322580645161288,-1.8300000000000727,S2
574485.0,66135.0,42.42640687119285,12.303158,12.991435,23.118279569892472,17.741935483870968,20.43010752688172,-1.8300000000000727,S2
574485.0,66105.0,30.0,12.303158,12.991435,23.118279569892472,17.741935483870968,20.43010752688172,-1.8600000000000727,S2
574485.0,66075.0,30.0,12.6770735,12.649915,25.448028673835125,15.232974910394265,20.340501792114694,-1.8900000000000727,S2
574485.0,66045.0,0.0,12.6770735,12.649915,25.448028673835125,15.232974910394265,20.340501792114694,-1.9200000000000728,S2
574455.0,66015.0,30.0,12.414798,12.249198,23.566308243727597,13.530465949820789,18.548387096774192,-1.9500000000000728,S2
574485.0,66015.0,0.0,14.352185,12.420713,32.437275985663085,14.336917562724013,23.387096774193548,-1.9500000000000728,S2
574365.0,65985.0,67.0820393249937,11.567238,12.098993,19.892473118279568,10.75268817204301,15.322580645161288,-1.9800000000000728,S2
574395.0,65985.0,42.42640687119285,11.567238,12.098993,19.892473118279568,10.75268817204301,15.322580645161288,-1.9800000000000728,S2
574425.0,65985.0,30.0,11.567238,12.098993,19.892473118279568,10.75268817204301,15.322580645161288,-1.9800000000000728,S2
574455.0,65985.0,0.0,12.414798,12.249198,23.566308243727597,13.530465949820789,18.548387096774192,-1.9800000000000728,S2
574125.0,65955.0,300.0,11.567238,12.098993,19.892473118279568,10.75268817204301,15.322580645161288,-2.0100000000000726,S3
574365.0,65955.0,60.0,11.567238,12.098993,19.892473118279568,10.75268817204301,15.322580645161288,-2.0100000000000726,S3
574125.0,65925.0,300.0,10.067815,13.058398,11.200716845878137,18.369175627240146,14.784946236559142,-2.040000000000073,S3
574365.0,65925.0,60.0,10.067815,13.058398,11.200716845878137,18.369175627240146,14.784946236559142,-2.040000000000073,S3
574125.0,65895.0,295.4657340538831,10.069962,12.171176,12.096774193548388,12.634408602150538,12.365591397849464,-2.0700000000000727,S3
574365.0,65895.0,60.0,9.390492,12.356373,10.03584229390681,14.157706093189965,12.096774193548388,-2.0700000000000727,S3
574125.0,65865.0,284.60498941515414,10.069962,12.171176,12.096774193548388,12.634408602150538,12.365591397849464,-2.100000000000073,S3
574365.0,65865.0,60.0,9.176212,13.198521,7.885304659498208,19.17562724014337,13.530465949820789,-2.100000000000073,S3
574125.0,65835.0,276.5863337187866,10.069962,12.171176,12.096774193548388,12.634408602150538,12.365591397849464,-2.1300000000000727,S3
574365.0,65835.0,60.0,9.034348,12.99182,7.706093189964158,18.100358422939067,12.903225806451612,-2.1300000000000727,S3
574125.0,65805.0,271.66155414412253,10.069962,12.171176,12.096774193548388,12.634408602150538,12.365591397849464,-2.160000000000073,S3
574365.0,65805.0,42.42640687119285,10.069962,12.171176,12.096774193548388,12.634408602150538,12.365591397849464,-2.160000000000073,S3
574095.0,65775.0,300.0,10.069962,12.171176,12.096774193548388,12.634408602150538,12.365591397849464,-2.1900000000000728,S3
574335.0,65775.0,60.0,10.069962,12.171176,12.096774193548388,12.634408602150538,12.365591397849464,-2.1900000000000728,S3
574365.0,65775.0,30.0,10.069962,12.171176,12.096774193548388,12.634408602150538,12.365591397849464,-2.1900000000000728,S3
574095.0,65745.0,300.0,10.411209,12.78605,13.709677419354838,16.03942652329749,14.874551971326163,-2.2200000000000726,S3
574335.0,65745.0,60.0,10.411209,12.78605,13.709677419354838,16.03942652329749,14.874551971326163,-2.2200000000000726,S3
574335.0,65715.0,60.0,10.788579,13.259911,15.232974910394265,19.35483870967742,17.293906810035843,-2.250000000000073,S3
574335.0,65685.0,60.0,10.425182,14.874496,13.978494623655912,27.24014336917563,20.609318996415773,-2.2800000000000726,S3
574335.0,65655.0,60.0,9.434245,11.933008,10.21505376344086,9.31899641577061,9.767025089605735,-2.310000000000073,S3
574335.0,65625.0,60.0,8.897279,8.616563,7.078853046594983,1.971326164874552,4.525089605734768,-2.3400000000000727,S3
574335.0,65595.0,60.0,8.897279,11.736335,7.078853046594983,9.13978494623656,8.109318996415771,-2.370000000000073,S3
574335.0,65565.0,60.0,11.171667,12.685243,15.949820788530467,15.770609318996415,15.86021505376344,-2.4000000000000727,S3
574305.0,65535.0,84.8528137423857,6.9152794,9.610058,3.942652329749104,2.867383512544803,3.4050179211469533,-2.4300000000000725,S3
574335.0,65535.0,60.0,9.018335,10.894049,7.526881720430108,8.064516129032258,7.795698924731183,-2.4300000000000725,S3
574305.0,65505.0,67.0820393249937,6.9152794,9.610058,3.942652329749104,2.867383512544803,3.4050179211469533,-2.460000000000073,S3
574305.0,65475.0,60.0,6.9152794,9.610058,3.942652329749104,2.867383512544803,3.4050179211469533,-2.4900000000000726,S3
574305.0,65445.0,60.0,6.4429216,10.1328,1.2544802867383513,4.480286738351254,2.867383512544803,-2.520000000000073,S3
574305.0,65415.0,60.0,6.638888,10.072657,1.971326164874552,4.301075268817205,3.1362007168458783,-2.5500000000000727,S3
574305.0,65385.0,60.0,7.43972,10.319541,5.64516129032258,4.749103942652329,5.197132616487455,-2.580000000000073,S3
574335.0,65385.0,30.0,7.43972,10.319541,5.64516129032258,4.749103942652329,5.197132616487455,-2.580000000000073,S3
574335.0,65355.0,30.0,7.337751,11.062851,5.197132616487455,8.422939068100359,6.810035842293907,-2.6100000000000727,S3
574305.0,65325.0,60.0,7.2308774,9.885784,4.92831541218638,4.032258064516129,4.480286738351254,-2.640000000000073,S3
574335.0,65325.0,30.0,7.2308774,9.885784,4.92831541218638,4.032258064516129,4.480286738351254,-2.640000000000073,S3
574305.0,65295.0,60.0,10.148002,9.414632,13.440860215053762,2.1505376344086025,7.795698924731182,-2.6700000000000728,S3
574305.0,65265.0,60.0,9.6018915,8.19604,10.931899641577061,1.7921146953405016,6.362007168458781,-2.7000000000000726,S3
574305.0,65235.0,60.0,8.882751,7.8036327,6.630824372759856,1.4336917562724014,4.032258064516129,-2.730000000000073,S3
574335.0,65235.0,30.0,8.882751,7.8036327,6.630824372759856,1.4336917562724014,4.032258064516129,-2.730000000000073,S3
574335.0,65205.0,42.42640687119285,8.882751,7.8036327,6.630824372759856,1.4336917562724014,4.032258064516129,-2.7600000000000726,S3
574335.0,65175.0,60.0,10.8392,10.668802,15.50179211469534,7.258064516129033,11.379928315412187,-2.790000000000073,S3
574365.0,65175.0,30.0,10.8392,10.668802,15.50179211469534,7.258064516129033,11.379928315412187,-2.790000000000073,S3
574335.0,65145.0,60.0,13.296349,9.874555,29.480286738351253,3.494623655913978,16.487455197132615,-2.8200000000000727,S3
574365.0,65145.0,30.0,13.296349,9.874555,29.480286738351253,3.494623655913978,16.487455197132615,-2.8200000000000727,S3
574335.0,65115.0,67.0820393249937,13.296349,9.874555,29.480286738351253,3.494623655913978,16.487455197132615,-2.850000000000073,S3
574335.0,65085.0,84.8528137423857,13.296349,9.874555,29.480286738351253,3.494623655913978,16.487455197132615,-2.8800000000000727,S3
574335.0,65055.0,90.0,7.467913,21.98563,5.913978494623656,35.30465949820788,20.60931899641577,-2.910000000000073,S3
574335.0,65025.0,90.0,8.934472,23.947554,7.347670250896058,35.483870967741936,21.415770609318997,-2.9400000000000728,S3
574305.0,64995.0,120.0,9.352778,15.261031,8.960573476702509,28.31541218637993,18.63799283154122,-2.9700000000000726,S3
574335.0,64995.0,90.0,9.352778,15.261031,8.960573476702509,28.31541218637993,18.63799283154122,-2.9700000000000726,S3
574245.0,64965.0,182.48287590894657,9.352778,15.261031,8.960573476702509,28.31541218637993,18.63799283154122,-3.000000000000073,S4
574275.0,64965.0,152.97058540778355,9.352778,15.261031,8.960573476702509,28.31541218637993,18.63799283154122,-3.000000000000073,S4
574305.0,64965.0,123.69316876852982,9.352778,15.261031,8.960573476702509,28.31541218637993,18.63799283154122,-3.000000000000073,S4
574215.0,64935.0,218.40329667841553,9.352778,15.261031,8.960573476702509,28.31541218637993,18.63799283154122,-3.0300000000000726,S4
574245.0,64935.0,189.73665961010278,9.352778,15.261031,8.960573476702509,28.31541218637993,18.63799283154122,-3.0300000000000726,S4
574185.0,64905.0,256.3201123595259,9.352778,15.261031,8.960573476702509,28.31541218637993,18.63799283154122,-3.060000000000073,S4
574215.0,64905.0,228.47319317591726,9.352778,15.261031,8.960573476702509,28.31541218637993,18.63799283154122,-3.060000000000073,S4
574155.0,64875.0,295.4657340538831,9.352778,15.261031,8.960573476702509,28.31541218637993,18.63799283154122,-3.0900000000000727,S4
574185.0,64875.0,268.3281572999748,9.352778,15.261031,8.960573476702509,28.31541218637993,18.63799283154122,-3.0900000000000727,S4
574065.0,64605.0,300.0,4.891184,7.2854943,0.6272401433691757,0.6272401433691757,0.6272401433691757,-3.3600000000000727,S4
573945.0,64575.0,295.4657340538831,4.891184,7.2854943,0.6272401433691757,0.6272401433691757,0.6272401433691757,-3.390000000000073,S4
573945.0,64545.0,268.3281572999748,4.891184,7.2854943,0.6272401433691757,0.6272401433691757,0.6272401433691757,-3.4200000000000728,S4
573855.0,64515.0,268.3281572999748,11.293772,16.20361,17.83154121863799,31.272401433691755,24.551971326164875,-3.4500000000000726,S4
573885.0,64515.0,276.5863337187866,4.891184,7.2854943,0.6272401433691757,0.6272401433691757,0.6272401433691757,-3.4500000000000726,S4
573915.0,64515.0,258.0697580112788,4.891184,7.2854943,0.6272401433691757,0.6272401433691757,0.6272401433691757,-3.4500000000000726,S4
573945.0,64515.0,241.86773244895647,4.891184,7.2854943,0.6272401433691757,0.6272401433691757,0.6272401433691757,-3.4500000000000726,S4
573855.0,64485.0,241.86773244895647,11.293772,16.20361,17.83154121863799,31.272401433691755,24.551971326164875,-3.480000000000073,S4
573825.0,64455.0,201.24611797498108,11.293772,16.20361,17.83154121863799,31.272401433691755,24.551971326164875,-3.5100000000000726,S4
573855.0,64455.0,216.33307652783935,11.293772,16.20361,17.83154121863799,31.272401433691755,24.551971326164875,-3.5100000000000726,S4
573825.0,64425.0,174.92855684535903,11.293772,16.20361,17.83154121863799,31.272401433691755,24.551971326164875,-3.540000000000073,S4
573765.0,64395.0,123.69316876852982,11.293772,16.20361,17.83154121863799,31.272401433691755,24.551971326164875,-3.5700000000000727,S4
573795.0,64395.0,134.1640786499874,11.293772,16.20361,17.83154121863799,31.272401433691755,24.551971326164875,-3.5700000000000727,S4
573825.0,64395.0,150.0,11.293772,16.20361,17.83154121863799,31.272401433691755,24.551971326164875,-3.5700000000000727,S4
573645.0,64365.0,127.27922061357854,11.293772,16.20361,17.83154121863799,31.272401433691755,24.551971326164875,-3.600000000000073,S4
573675.0,64365.0,108.16653826391968,11.293772,16.20361,17.83154121863799,31.272401433691755,24.551971326164875,-3.600000000000073,S4
573705.0,64365.0,94.86832980505139,11.293772,16.20361,17.83154121863799,31.272401433691755,24.551971326164875,-3.600000000000073,S4
573735.0,64365.0,90.0,11.293772,16.20361,17.83154121863799,31.272401433691755,24.551971326164875,-3.600000000000073,S4
573765.0,64365.0,94.86832980505139,11.293772,16.20361,17.83154121863799,31.272401433691755,24.551971326164875,-3.600000000000073,S4
573645.0,64335.0,108.16653826391968,11.293772,16.20361,17.83154121863799,31.272401433691755,24.551971326164875,-3.6300000000000727,S4
573375.0,64305.0,295.4657340538831,12.61191,14.180358,24.372759856630825,23.297491039426525,23.835125448028677,-3.660000000000073,S4
573645.0,64305.0,94.86832980505139,11.293772,16.20361,17.83154121863799,31.272401433691755,24.551971326164875,-3.660000000000073,S4
573375.0,64275.0,268.3281572999748,12.61191,14.180358,24.372759856630825,23.297491039426525,23.835125448028677,-3.6900000000000728,S4
573645.0,64275.0,84.8528137423857,9.584708,10.74542,10.57347670250896,7.706093189964158,9.13978494623656,-3.6900000000000728,S4
573675.0,64275.0,60.0,11.293772,16.20361,17.83154121863799,31.272401433691755,24.551971326164875,-3.6900000000000728,S4
573285.0,64245.0,296.98484809834997,12.61191,14.180358,24.372759856630825,23.297491039426525,23.835125448028677,-3.7200000000000726,S4
573315.0,64245.0,276.5863337187866,12.61191,14.180358,24.372759856630825,23.297491039426525,23.835125448028677,-3.7200000000000726,S4
573345.0,64245.0,258.0697580112788,12.61191,14.180358,24.372759856630825,23.297491039426525,23.835125448028677,-3.7200000000000726,S4
573375.0,64245.0,241.86773244895647,12.61191,14.180358,24.372759856630825,23.297491039426525,23.835125448028677,-3.7200000000000726,S4
573675.0,64245.0,42.42640687119285,9.584708,10.74542,10.57347670250896,7.706093189964158,9.13978494623656,-3.7200000000000726,S4
573675.0,64215.0,30.0,9.584708,10.74542,10.57347670250896,7.706093189964158,9.13978494623656,-3.750000000000073,S4
573645.0,64185.0,42.42640687119285,10.100424,12.163933,13.082437275985665,11.648745519713263,12.365591397849464,-3.7800000000000726,S4
573675.0,64185.0,30.0,10.100424,12.163933,13.082437275985665,11.648745519713263,12.365591397849464,-3.7800000000000726,S4
573645.0,64155.0,30.0,10.100424,12.163933,13.082437275985665,11.648745519713263,12.365591397849464,-3.810000000000073,S4
573615.0,64125.0,30.0,10.462242,12.311922,14.24731182795699,13.88888888888889,14.068100358422939,-3.8400000000000727,S4
573645.0,64125.0,30.0,10.683135,12.981968,15.053763440860216,17.38351254480287,16.218637992831543,-3.8400000000000727,S4
573555.0,64095.0,42.42640687119285,12.835657,13.088303,28.405017921146953,18.72759856630824,23.566308243727597,-3.870000000000073,S4
573585.0,64095.0,30.0,12.835657,13.088303,28.405017921146953,18.72759856630824,23.566308243727597,-3.870000000000073,S4
573615.0,64095.0,0.0,10.462242,12.311922,14.24731182795699,13.88888888888889,14.068100358422939,-3.870000000000073,S4
573525.0,64065.0,30.0,12.264182,13.69792,21.594982078853047,19.982078853046595,20.78853046594982,-3.9000000000000727,S4
573555.0,64065.0,30.0,11.072659,14.212651,15.770609318996415,24.014336917562723,19.892473118279568,-3.9000000000000727,S4
573405.0,64035.0,67.0820393249937,12.150287,14.270783,21.057347670250895,24.462365591397848,22.759856630824373,-3.9300000000000725,S4
573435.0,64035.0,42.42640687119285,12.150287,14.270783,21.057347670250895,24.462365591397848,22.759856630824373,-3.9300000000000725,S4
573465.0,64035.0,30.0,12.150287,14.270783,21.057347670250895,24.462365591397848,22.759856630824373,-3.9300000000000725,S4
573495.0,64035.0,0.0,12.61191,14.180358,24.372759856630825,23.297491039426525,23.835125448028677,-3.9300000000000725,S4
573525.0,64035.0,0.0,12.264182,13.69792,21.594982078853047,19.982078853046595,20.78853046594982,-3.9300000000000725,S4
573285.0,64005.0,161.55494421403512,12.79612,14.287783,27.24014336917563,25.806451612903224,26.52329749103943,-3.960000000000073,S4
573315.0,64005.0,134.1640786499874,12.79612,14.287783,27.24014336917563,25.806451612903224,26.52329749103943,-3.960000000000073,S4
573345.0,64005.0,108.16653826391968,12.79612,14.287783,27.24014336917563,25.806451612903224,26.52329749103943,-3.960000000000073,S4
573405.0,64005.0,60.0,12.150287,14.270783,21.057347670250895,24.462365591397848,22.759856630824373,-3.960000000000073,S4
573285.0,63975.0,152.97058540778355,12.79612,14.287783,27.24014336917563,25.806451612903224,26.52329749103943,-3.9900000000000726,S4
573345.0,63975.0,94.86832980505139,12.79612,14.287783,27.24014336917563,25.806451612903224,26.52329749103943,-3.9900000000000726,S4
573405.0,63975.0,42.42640687119285,12.79612,14.287783,27.24014336917563,25.806451612903224,26.52329749103943,-3.9900000000000726,S4
573285.0,63945.0,150.0,12.79612,14.287783,27.24014336917563,25.806451612903224,26.52329749103943,-4.020000000000072,S5
573315.0,63945.0,120.0,12.79612,14.287783,27.24014336917563,25.806451612903224,26.52329749103943,-4.020000000000072,S5
573345.0,63945.0,90.0,12.79612,14.287783,27.24014336917563,25.806451612903224,26.52329749103943,-4.020000000000072,S5
573405.0,63945.0,30.0,12.79612,14.287783,27.24014336917563,25.806451612903224,26.52329749103943,-4.020000000000072,S5
573405.0,63915.0,42.42640687119285,12.79612,14.287783,27.24014336917563,25.806451612903224,26.52329749103943,-4.050000000000073,S5
573405.0,63885.0,42.42640687119285,10.5784025,11.957509,14.695340501792115,9.67741935483871,12.186379928315413,-4.080000000000073,S5
573375.0,63855.0,60.0,10.5784025,11.957509,14.695340501792115,9.67741935483871,12.186379928315413,-4.110000000000073,S5
573405.0,63855.0,30.0,10.5784025,11.957509,14.695340501792115,9.67741935483871,12.186379928315413,-4.110000000000073,S5
573375.0,63825.0,60.0,11.66485,12.082223,20.60931899641577,10.03584229390681,15.32258064516129,-4.1400000000000725,S5
573375.0,63795.0,60.0,12.283426,12.850784,22.311827956989248,16.75627240143369,19.53405017921147,-4.170000000000073,S5
573375.0,63765.0,67.0820393249937,12.283426,12.850784,22.311827956989248,16.75627240143369,19.53405017921147,-4.200000000000073,S5
573375.0,63735.0,84.8528137423857,12.283426,12.850784,22.311827956989248,16.75627240143369,19.53405017921147,-4.230000000000072,S5
573405.0,63735.0,67.0820393249937,12.283426,12.850784,22.311827956989248,16.75627240143369,19.53405017921147,-4.230000000000072,S5
573405.0,63705.0,94.86832980505139,12.283426,12.850784,22.311827956989248,16.75627240143369,19.53405017921147,-4.260000000000073,S5
573405.0,63675.0,123.69316876852982,12.283426,12.850784,22.311827956989248,16.75627240143369,19.53405017921147,-4.290000000000073,S5
573435.0,63675.0,108.16653826391968,6.634754,10.634954,1.6129032258064515,6.810035842293908,4.211469534050179,-4.290000000000073,S5
573435.0,63645.0,94.86832980505139,6.634754,10.634954,1.6129032258064515,6.810035842293908,4.211469534050179,-4.320000000000073,S5
573435.0,63615.0,90.0,6.634754,10.634954,1.6129032258064515,6.810035842293908,4.211469534050179,-4.3500000000000725,S5
573435.0,63585.0,90.0,7.4197216,11.062517,5.376344086021505,8.24372759856631,6.810035842293907,-4.380000000000073,S5
573435.0,63555.0,90.0,7.071333,11.73189,4.480286738351254,8.781362007168457,6.6308243727598555,-4.410000000000073,S5
573435.0,63525.0,94.86832980505139,7.071333,11.73189,4.480286738351254,8.781362007168457,6.6308243727598555,-4.440000000000072,S5
573435.0,63495.0,108.16653826391968,7.071333,11.73189,4.480286738351254,8.781362007168457,6.6308243727598555,-4.470000000000073,S5
573435.0,63465.0,120.0,8.121344,9.459365,6.182795698924731,2.4193548387096775,4.301075268817204,-4.500000000000073,S5
573465.0,63465.0,90.0,8.121344,9.459365,6.182795698924731,2.4193548387096775,4.301075268817204,-4.500000000000073,S5
573465.0,63435.0,90.0,6.781199,10.510029,2.867383512544803,5.734767025089606,4.301075268817204,-4.530000000000073,S5
573405.0,63405.0,152.97058540778355,6.781199,10.510029,2.867383512544803,5.734767025089606,4.301075268817204,-4.560000000000072,S5
573435.0,63405.0,123.69316876852982,6.781199,10.510029,2.867383512544803,5.734767025089606,4.301075268817204,-4.560000000000072,S5
573465.0,63405.0,94.86832980505139,6.781199,10.510029,2.867383512544803,5.734767025089606,4.301075268817204,-4.560000000000072,S5
573405.0,63375.0,161.55494421403512,6.781199,10.510029,2.867383512544803,5.734767025089606,4.301075268817204,-4.590000000000073,S5
573405.0,63345.0,174.92855684535903,6.781199,10.510029,2.867383512544803,5.734767025089606,4.301075268817204,-4.620000000000073,S5
573435.0,63345.0,150.0,6.781199,10.510029,2.867383512544803,5.734767025089606,4.301075268817204,-4.620000000000073,S5
573465.0,63345.0,127.27922061357854,6.781199,10.510029,2.867383512544803,5.734767025089606,4.301075268817204,-4.620000000000073,S5
573495.0,63315.0,134.1640786499874,6.781199,10.510029,2.867383512544803,5.734767025089606,4.301075268817204,-4.650000000000073,S5
