site_ID,lat,lon,year,month,day,hour,minute,second,Q_t_per_hr,Q_error_t_per_hr,wind_speed_m_per_s,sat_ID,obs_ID,date,IME_kg,intermediate_results_L_m,intermediate_results_effective_wind_speed_m_per_s,conversion_ch4_ppb_to_molm2,manually_pinned_sources,plume_tif_file_name,sensor,datetime,emission_kg_hr,uncertainty_kg_hr,source
39,23.26379742,113.48218468,2021,10,4,2,10,47,6.437353936762809,3.2674737114119616,1.96,2,AVpBFgj,2021-10-04 02:10:47,4184.146928154881,3103.6772475281787,1.3264,0.0003532332,(23.263700;113.482200),C2_20211004_20220423_AVpBFgj_2210_CH4PL.tif,GHGSat (open sample),2021-10-04 02:10:47+00:00,6437.353936762809,3267.4737114119616,GHGSat open Zenodo release (2021-2022)
40,22.54594829,114.17103003,2021,11,8,3,0,3,10.049022846248084,2.59408465305013,7.01,1,7WNEIgO,2021-11-08 03:00:03,728.9020964933643,794.7067518774853,3.0434,0.0003550825,(22.547400;114.172700),C1_20211108_20231109_7WNEIgO_19615_CH4PL.tif,GHGSat (open sample),2021-11-08 03:00:03+00:00,10049.022846248085,2594.08465305013,GHGSat open Zenodo release (2021-2022)
40,22.54672,114.16968,2021,11,26,2,8,5,31.89436774683525,13.848093887672515,2.84,2,AWf5IgO,2021-11-26 02:08:05,18238.57808326948,3346.5180424019286,1.6256,0.0003550825,(22.546900;114.169800),C2_20211126_20220421_AWf5IgO_2584_CH4PL.tif,GHGSat (open sample),2021-11-26 02:08:05+00:00,31894.36774683525,13848.093887672516,GHGSat open Zenodo release (2021-2022)
40,22.53937061,114.16737497,2021,12,3,2,54,22,11.549595899268066,4.206562447765141,4.33,1,7Wm6ngO,2021-12-03 02:54:22,2581.484679270941,1715.6678079589915,2.1322,0.0003550825,(22.541600;114.168700),C1_20211203_20220422_7Wm6ngO_2880_CH4PL.tif,GHGSat (open sample),2021-12-03 02:54:22+00:00,11549.595899268066,4206.562447765142,GHGSat open Zenodo release (2021-2022)
40,22.55113726,114.16857719,2021,12,9,2,56,33,9.203004554624137,4.122129525068552,2.71,1,7Ws6IgO,2021-12-09 02:56:33,1852.583474134692,1146.0204935233253,1.5814,0.0003550825,(22.547400;114.171600),C1_20211209_20220421_7Ws6IgO_2787_CH4PL.tif,GHGSat (open sample),2021-12-09 02:56:33+00:00,9203.004554624136,4122.1295250685525,GHGSat open Zenodo release (2021-2022)
40,22.54431052,114.1750263,2022,9,12,5,52,23,1.803586499091143,0.8260495094101377,2.6,3,DaBIIgO,2022-09-12 05:52:23,165.1372988369479,508.9299361676504,1.544,0.0003550825,(22.545400;114.174200),C3_20220912_20220916_DaBIIgO_6041_CH4PL.tif,GHGSat (open sample),2022-09-12 05:52:23+00:00,1803.586499091143,826.0495094101377,GHGSat open Zenodo release (2021-2022)
40,22.54597173,114.17135574,2022,9,12,5,52,23,5.691694834050259,2.6154083585663,2.6,3,DaBIIgO,2022-09-12 05:52:23,2292.972344487041,2239.272809102299,1.544,0.0003550825,(22.546500;114.171500),C3_20220912_20220916_DaBIIgO_6040_CH4PL.tif,GHGSat (open sample),2022-09-12 05:52:23+00:00,5691.6948340502595,2615.4083585663,GHGSat open Zenodo release (2021-2022)
40,22.54299354,114.16974836,2022,10,26,5,50,33,6.432330813435001,2.942587671167684,2.53,3,Dat9IgO,2022-10-26 05:50:33,1883.698159985673,1602.6776130022447,1.5202,0.0003550825,(22.543900;114.169300),C3_20221026_20221028_Dat9IgO_7279_CH4PL.tif,GHGSat (open sample),2022-10-26 05:50:33+00:00,6432.330813435001,2942.587671167684,GHGSat open Zenodo release (2021-2022)
40,22.54635203,114.16886895,2022,10,27,1,44,45,3.994623883217602,1.810215425374558,2.58,2,-au5IgO,2022-10-27 01:44:45,776.4641976663767,1075.6684179459828,1.5372,0.0003550825,(22.547100;114.169800),C2_20221027_20221101_-au5IgO_7306_CH4PL.tif,GHGSat (open sample),2022-10-27 01:44:45+00:00,3994.623883217602,1810.215425374558,GHGSat open Zenodo release (2021-2022)
40,22.54554506,114.16806624,2022,10,27,5,39,38,5.7942800275701485,3.2212597594001786,1.44,3,Dau9IgO,2022-10-27 05:39:38,1594.1231951669915,1138.6012514408862,1.1496,0.0003550825,(22.548400;114.171700),C3_20221027_20221029_Dau9IgO_7289_CH4PL.tif,GHGSat (open sample),2022-10-27 05:39:38+00:00,5794.280027570148,3221.2597594001786,GHGSat open Zenodo release (2021-2022)
40,22.54496553,114.16995287,2022,12,9,1,56,38,18.13160856074299,6.6715224513986575,4.09,2,-b_4ngO,2022-12-09 01:56:38,5652.682600484357,2301.4509300812774,2.0506,0.0003550825,(22.545000;114.170300),C2_20221209_20221221_-b_4ngO_8533_CH4PL.tif,GHGSat (open sample),2022-12-09 01:56:38+00:00,18131.60856074299,6671.522451398658,GHGSat open Zenodo release (2021-2022)
40,22.54438991,114.17031515,2022,12,23,5,39,8,4.83612084692282,2.2853205649713337,2.28,5,Lbn9IgO,2022-12-23 05:39:08,1025.2395308908854,1095.3253147954456,1.4352,0.0003550825,(22.544500;114.170500),C5_20221223_20230105_Lbn9IgO_8855_CH4PL.tif,GHGSat (open sample),2022-12-23 05:39:08+00:00,4836.12084692282,2285.3205649713336,GHGSat open Zenodo release (2021-2022)
40,22.54481,114.17201,2022,12,29,5,40,18,5.697056950592886,2.154929293970274,4.25,4,HbsSngO,2022-12-29 05:40:18,1444.5712997078708,1921.51165138818,2.105,0.0003550825,(22.544400;114.171600),C4_20221229_20230112_HbsSngO_9157_CH4PL.tif,GHGSat (open sample),2022-12-29 05:40:18+00:00,5697.056950592886,2154.929293970274,GHGSat open Zenodo release (2021-2022)
40,22.54386267,114.16929594,2022,12,31,5,42,14,4.887801634078885,2.22707268079816,2.52,5,LbuLngO,2022-12-31 05:42:14,997.9871536176914,1114.9161321505424,1.5168,0.0003550825,(22.544100;114.169700),C5_20221231_20230113_LbuLngO_9196_CH4PL.tif,GHGSat (open sample),2022-12-31 05:42:14+00:00,4887.801634078885,2227.0726807981596,GHGSat open Zenodo release (2021-2022)
41,22.41842459,113.93263194,2021,11,14,3,2,39,4.626490507954307,1.9708285597159392,3.14,1,7WU8P9B,2021-11-14 03:02:39,390.3822781754027,524.7882647589239,1.7276000000000002,0.000356153,(22.418200;113.932600),C1_20211114_20220423_7WU8P9B_2675_CH4PL.tif,GHGSat (open sample),2021-11-14 03:02:39+00:00,4626.490507954307,1970.8285597159393,GHGSat open Zenodo release (2021-2022)
41,22.4176,113.9334,2022,3,4,2,55,54,15.1065558620186,10.62324804770857,0.61,1,7YC6u9B,2022-03-04 02:55:54,8646.829790338086,1787.365487085509,0.8674000000000001,0.000356153,(22.414700;113.934100//22.416800;113.933800),C1_20220304_20220421_7YC6u9B_3504_CH4PL.tif,GHGSat (open sample),2022-03-04 02:55:54+00:00,15106.5558620186,10623.24804770857,GHGSat open Zenodo release (2021-2022)
41,22.4174371,113.93272065,2022,6,23,5,45,44,4.9659958971798055,1.960751287219264,3.57,3,DZw3d3c,2022-06-23 05:45:44,433.47005530738426,588.81447814858,1.8738,0.000356153,(22.417700;113.932600//22.422700;113.935900),C3_20220623_20220713_DZw3d3c_4453_CH4PL.tif,GHGSat (open sample),2022-06-23 05:45:44+00:00,4965.995897179805,1960.751287219264,GHGSat open Zenodo release (2021-2022)
41,22.42330422,113.93771733,2022,7,26,1,57,45,3.717296385489631,1.6976354556865294,2.47,2,A_QF93c,2022-07-26 01:57:45,312.9772772122995,454.5916650345981,1.4998,0.000356153,(22.422600;113.938000//22.424200;113.934500),C2_20220726_20240402_A_QF93c_4931_CH4PL.tif,GHGSat (open sample),2022-07-26 01:57:45+00:00,3717.296385489631,1697.6354556865294,GHGSat open Zenodo release (2021-2022)
41,22.41692672,113.93329739,2022,7,28,5,48,32,10.12301779398522,5.709249258262726,1.37,5,L_U7d3c,2022-07-28 05:48:32,6328.850223496496,2533.8363535273984,1.1258,0.000356153,(22.417100;113.934000),C5_20220728_20220730_L_U7d3c_4956_CH4PL.tif,GHGSat (open sample),2022-07-28 05:48:32+00:00,10123.01779398522,5709.249258262726,GHGSat open Zenodo release (2021-2022)
41,22.41710146,113.93144922,2022,8,23,5,43,31,5.696525908753036,2.9715362224079085,1.75,4,H_rM93c,2022-08-23 05:43:31,2288.0466015041825,1814.6840216616768,1.255,0.000356153,(22.417400;113.933200),C4_20220823_20220825_H_rM93c_5449_CH4PL.tif,GHGSat (open sample),2022-08-23 05:43:31+00:00,5696.525908753036,2971.5362224079086,GHGSat open Zenodo release (2021-2022)
41,22.417168,113.934122,2022,9,3,5,53,14,10.424594446275878,3.4042613163413367,5.05,3,Da4993c,2022-09-03 05:53:14,2077.576083350695,1705.4125368684954,2.377,0.000356153,(22.417800;113.934200),C3_20220903_20220927_Da4993c_6394_CH4PL.tif,GHGSat (open sample),2022-09-03 05:53:14+00:00,10424.594446275878,3404.2613163413366,GHGSat open Zenodo release (2021-2022)
41,22.41581895,113.93351623,2022,9,10,5,53,31,13.425223214864175,5.839130074439678,2.84,5,LaA993c,2022-09-10 05:53:31,2972.933329509105,1295.9249343695938,1.6256,0.000356153,(22.416100;113.934200),C5_20220910_20221006_LaA993c_6641_CH4PL.tif,GHGSat (open sample),2022-09-10 05:53:31+00:00,13425.223214864176,5839.1300744396785,GHGSat open Zenodo release (2021-2022)
41,22.41700842,113.93172892,2022,10,11,1,57,55,9.039672301855472,2.9485690523269947,5.03,2,-acK93c,2022-10-11 01:57:55,940.865374222932,888.1008655912947,2.3702,0.000356153,(22.416800;113.931900),C2_20221011_20221013_-acK93c_6851_CH4PL.tif,GHGSat (open sample),2022-10-11 01:57:55+00:00,9039.672301855471,2948.5690523269946,GHGSat open Zenodo release (2021-2022)
41,22.41840093,113.93355108,2022,10,14,5,44,29,4.824190094103715,2.2204824173382045,2.46,4,HahB93c,2022-10-14 05:44:29,1083.4364893237707,1209.8436404030408,1.4964,0.000356153,(22.417900;113.933200),C4_20221014_20221018_HahB93c_6976_CH4PL.tif,GHGSat (open sample),2022-10-14 05:44:29+00:00,4824.190094103715,2220.4824173382044,GHGSat open Zenodo release (2021-2022)
41,22.41482126,113.93228888,2022,11,13,5,41,27,12.328418932208574,6.496477183971809,1.66,3,DbACd3c,2022-11-13 05:41:27,3847.507732997907,1375.61828317748,1.2244000000000002,0.000356153,(22.418200;113.934100),C3_20221113_20221125_DbACd3c_7889_CH4PL.tif,GHGSat (open sample),2022-11-13 05:41:27+00:00,12328.418932208575,6496.477183971809,GHGSat open Zenodo release (2021-2022)
41,22.41793659,113.93402194,2022,12,8,5,46,29,8.802536232855513,3.662925535807775,3.11,3,DbZ-93c,2022-12-08 05:46:29,1475.3396309743268,1036.2347367570144,1.7174,0.000356153,(22.418000;113.934300),C3_20221208_20221216_DbZ-93c_8328_CH4PL.tif,GHGSat (open sample),2022-12-08 05:46:29+00:00,8802.536232855513,3662.925535807775,GHGSat open Zenodo release (2021-2022)
41,22.41679937,113.93146233,2022,12,10,1,43,39,7.089280504056102,2.219003184553808,5.37,2,-ba593c,2022-12-10 01:43:39,439.9417824104309,555.3435522158458,2.4858,0.000356153,(22.416800;113.931800),C2_20221210_20221216_-ba593c_8399_CH4PL.tif,GHGSat (open sample),2022-12-10 01:43:39+00:00,7089.2805040561025,2219.0031845538083,GHGSat open Zenodo release (2021-2022)
41,22.41850842,113.9327382,2022,12,24,1,48,30,7.153272103437351,2.518299868133408,4.44,2,-bo693c,2022-12-24 01:48:30,950.6837310863172,1038.0385668686422,2.1696000000000004,0.000356153,(22.417200;113.932200),C2_20221224_20230110_-bo693c_9047_CH4PL.tif,GHGSat (open sample),2022-12-24 01:48:30+00:00,7153.272103437352,2518.299868133408,GHGSat open Zenodo release (2021-2022)
41,22.41845981,113.93379077,2022,12,25,5,43,14,5.836235614736566,3.032851473222657,1.73,3,DbpB93c,2022-12-25 05:43:14,1298.131016718727,999.4760443730358,1.2482000000000002,0.000356153,(22.416300;113.933800),C3_20221225_20230111_DbpB93c_9061_CH4PL.tif,GHGSat (open sample),2022-12-25 05:43:14+00:00,5836.235614736566,3032.851473222657,GHGSat open Zenodo release (2021-2022)
41,22.41684627,113.93322015,2022,12,28,5,51,45,6.642405130865466,2.607028696555178,3.57,4,HbsE93c,2022-12-28 05:51:45,1159.7352426426223,1177.7665886769191,1.8738,0.000356153,(22.417200;113.933700),C4_20221228_20230111_HbsE93c_9102_CH4PL.tif,GHGSat (open sample),2022-12-28 05:51:45+00:00,6642.405130865466,2607.028696555178,GHGSat open Zenodo release (2021-2022)
41,22.41744268,113.93224044,2022,12,31,1,50,15,7.386780319754181,2.454891839705546,4.88,2,-buDd3c,2022-12-31 01:50:15,803.3829289868621,908.0465628746362,2.3192,0.000356153,(22.416900;113.932000),C2_20221231_20230113_-buDd3c_9228_CH4PL.tif,GHGSat (open sample),2022-12-31 01:50:15+00:00,7386.780319754182,2454.891839705546,GHGSat open Zenodo release (2021-2022)
61,-8.72373774,115.22225241,2022,5,18,1,36,43,1.1178964369541655,0.5021731604671981,2.72,2,AZN4nLd,2022-05-18 01:36:43,62.63922321712763,319.68462875677494,1.5848000000000002,0.0003576785,(-8.723400;115.222100),C2_20220518_20220530_AZN4nLd_4033_CH4PL.tif,GHGSat (open sample),2022-05-18 01:36:43+00:00,1117.8964369541654,502.17316046719804,GHGSat open Zenodo release (2021-2022)
61,-8.72125285,115.22220852,2022,5,18,1,36,43,0.7764285545138594,0.3570680345272792,2.72,2,AZN4nLd,2022-05-18 01:36:43,43.6608140627222,320.82432801783483,1.5848000000000002,0.0003576785,(-8.721000;115.221900),C2_20220518_20220530_AZN4nLd_4032_CH4PL.tif,GHGSat (open sample),2022-05-18 01:36:43+00:00,776.4285545138594,357.0680345272792,GHGSat open Zenodo release (2021-2022)
98,2.73269413,101.60382329,2022,7,23,2,39,11,6.9386699343741824,4.183042077897319,1.09,2,9_P5-SR,2022-07-23 02:39:11,5086.418850017789,2719.747147373724,1.0306000000000002,0.0003573485,(2.731900;101.605000),C2_20220723_20220727_9_P5-SR_4843_CH4PL.tif,GHGSat (open sample),2022-07-23 02:39:11+00:00,6938.669934374182,4183.042077897319,GHGSat open Zenodo release (2021-2022)
115,14.05405725,99.97280273,2021,11,22,2,54,1,4.798256300269473,2.9045803411315814,1.5,2,AWaD14Y,2021-11-22 02:54:01,2168.3009392710374,1903.3755149129283,1.17,0.0003573897,(14.054300;99.973900),C2_20211122_20220423_AWaD14Y_2600_CH4PL.tif,GHGSat (open sample),2021-11-22 02:54:01+00:00,4798.256300269472,2904.5803411315815,GHGSat open Zenodo release (2021-2022)
115,14.06620949,99.97663717,2021,11,22,2,54,1,1.522715562262026,0.9242396768240572,1.5,2,AWaD14Y,2021-11-22 02:54:01,246.1083217177376,680.7628927987097,1.17,0.0003573897,(14.066100;99.977000),C2_20211122_20220423_AWaD14Y_2599_CH4PL.tif,GHGSat (open sample),2021-11-22 02:54:01+00:00,1522.7155622620262,924.2396768240571,GHGSat open Zenodo release (2021-2022)
115,14.05659012,99.97204501,2021,12,27,2,52,25,1.4415089945525328,0.5633483496909909,3.66,2,AX8FW4Y,2021-12-27 02:52:25,63.12408705319572,300.21917491893254,1.9044000000000003,0.0003573897,(14.056600;99.972100),C2_20211227_20220422_AX8FW4Y_2913_CH4PL.tif,GHGSat (open sample),2021-12-27 02:52:25+00:00,1441.5089945525328,563.3483496909909,GHGSat open Zenodo release (2021-2022)
115,14.06861712,99.97800425,2021,12,27,2,52,25,1.1139186049851573,0.4478656184724404,3.66,2,AX8FW4Y,2021-12-27 02:52:25,90.56524864208788,557.4023554967423,1.9044000000000003,0.0003573897,(14.068100;99.976200),C2_20211227_20220422_AX8FW4Y_2912_CH4PL.tif,GHGSat (open sample),2021-12-27 02:52:25+00:00,1113.9186049851573,447.86561847244036,GHGSat open Zenodo release (2021-2022)
115,14.05497738,99.97201635,2022,2,23,3,45,52,3.2384386282507,1.3152020180612565,3.4,1,7Y4714Y,2022-02-23 03:45:52,591.8053851316395,1194.7074902347335,1.8160000000000005,0.0003573897,(14.054200;99.971600),C1_20220223_20220421_7Y4714Y_3380_CH4PL.tif,GHGSat (open sample),2022-02-23 03:45:52+00:00,3238.4386282507,1315.2020180612565,GHGSat open Zenodo release (2021-2022)
115,14.05764439,99.97227276,2022,9,14,2,52,15,3.336853567777103,1.6379178384674629,2.04,2,-aE6W4Z,2022-09-14 02:52:15,532.1101983425316,777.0648784694972,1.3536,0.0003573897,(14.057400;99.972800),C2_20220914_20220920_-aE6W4Z_6081_CH4PL.tif,GHGSat (open sample),2022-09-14 02:52:15+00:00,3336.8535677771033,1637.9178384674628,GHGSat open Zenodo release (2021-2022)
115,14.06608449,99.97663576,2022,9,14,2,52,15,1.163585018446143,0.5759308741216238,2.04,2,-aE6W4Z,2022-09-14 02:52:15,129.1674201242054,540.9382740326004,1.3536,0.0003573897,(14.068900;99.978000//14.065900;99.977200),C2_20220914_20220920_-aE6W4Z_6082_CH4PL.tif,GHGSat (open sample),2022-09-14 02:52:15+00:00,1163.5850184461428,575.9308741216238,GHGSat open Zenodo release (2021-2022)
115,14.05498049,99.96150433,2022,10,13,3,39,55,1.3621044043112882,0.5405865329994078,3.61,1,6ag514Z,2022-10-13 03:39:55,77.4339012615438,386.2666336019685,1.8874,0.0003573897,(14.054600;99.961600),C1_20221013_20221015_6ag514Z_6951_CH4PL.tif,GHGSat (open sample),2022-10-13 03:39:55+00:00,1362.1044043112881,540.5865329994078,GHGSat open Zenodo release (2021-2022)
115,14.05612809,99.97190737,2022,10,13,3,39,55,2.4479348661555176,0.9710449014236036,3.61,1,6ag514Z,2022-10-13 03:39:55,282.2918824690308,783.5468757025008,1.8874,0.0003573897,(14.056300;99.971600),C1_20221013_20221015_6ag514Z_6950_CH4PL.tif,GHGSat (open sample),2022-10-13 03:39:55+00:00,2447.9348661555177,971.0449014236035,GHGSat open Zenodo release (2021-2022)
115,14.0567726,99.97307196,2022,10,13,6,40,42,4.776821473984227,1.7187785438442735,4.34,3,DagB14Z,2022-10-13 06:40:42,1146.0617610530917,1844.554215987648,2.1356,0.0003573897,(14.056100;99.972100),C3_20221013_20221018_DagB14Z_6955_CH4PL.tif,GHGSat (open sample),2022-10-13 06:40:42+00:00,4776.821473984227,1718.7785438442736,GHGSat open Zenodo release (2021-2022)
115,14.05752532,99.97216332,2022,10,18,6,37,22,2.017216941069167,0.8308062962101193,3.27,4,HajO14Z,2022-10-18 06:37:22,237.28551880151835,750.301519460228,1.7718000000000005,0.0003573897,(14.057100;99.972100),C4_20221018_20221022_HajO14Z_7121_CH4PL.tif,GHGSat (open sample),2022-10-18 06:37:22+00:00,2017.216941069167,830.8062962101193,GHGSat open Zenodo release (2021-2022)
115,14.06040687,99.96761287,2022,10,18,6,37,22,0.8140696785236103,0.3476541048703236,3.27,4,HajO14Z,2022-10-18 06:37:22,71.04500822082298,556.6589396354874,1.7718000000000005,0.0003573897,(14.059600;99.967100),C4_20221018_20221022_HajO14Z_7122_CH4PL.tif,GHGSat (open sample),2022-10-18 06:37:22+00:00,814.0696785236104,347.65410487032364,GHGSat open Zenodo release (2021-2022)
115,14.06857658,99.97522172,2022,11,3,3,42,35,1.64741613638871,0.93473141062305,1.37,1,6b16W4Z,2022-11-03 03:42:35,220.48412047386543,542.4225624892598,1.1258,0.0003573897,(14.069400;99.975100),C1_20221103_20221108_6b16W4Z_7456_CH4PL.tif,GHGSat (open sample),2022-11-03 03:42:35+00:00,1647.4161363887101,934.73141062305,GHGSat open Zenodo release (2021-2022)
115,14.05588533,99.97270643,2022,11,3,3,42,35,3.31092530683774,1.8753781864604144,1.37,1,6b16W4Z,2022-11-03 03:42:35,855.9295413011374,1047.7372329071873,1.1258,0.0003573897,(14.057500;99.971500),C1_20221103_20221108_6b16W4Z_7455_CH4PL.tif,GHGSat (open sample),2022-11-03 03:42:35+00:00,3310.9253068377398,1875.3781864604143,GHGSat open Zenodo release (2021-2022)
115,14.05659909,99.96429569,2022,11,4,6,37,34,2.38183393067003,0.967375151268029,3.45,4,Hb2-14Z,2022-11-04 06:37:34,410.0988196910116,1136.1665717037552,1.833,0.0003573897,(14.055400;99.964200),C4_20221104_20221109_Hb2-14Z_7482_CH4PL.tif,GHGSat (open sample),2022-11-04 06:37:34+00:00,2381.83393067003,967.375151268029,GHGSat open Zenodo release (2021-2022)
115,14.05568659,99.97214538,2022,11,8,6,39,21,4.82311556975597,1.821594096966223,3.87,3,Db4514Z,2022-11-08 06:39:21,1215.717686740354,1792.8772169353688,1.9758,0.0003573897,(14.056200;99.972800),C3_20221108_20221117_Db4514Z_7708_CH4PL.tif,GHGSat (open sample),2022-11-08 06:39:21+00:00,4823.11556975597,1821.5940969662229,GHGSat open Zenodo release (2021-2022)
115,14.05639864,99.97237291,2022,12,4,6,33,58,2.155728801834527,0.8509321595413607,3.87,3,DbV8W4Z,2022-12-04 06:33:58,243.83933004091256,804.5538438719334,1.9758,0.0003573897,(14.056300;99.972500),C3_20221204_20221213_DbV8W4Z_8276_CH4PL.tif,GHGSat (open sample),2022-12-04 06:33:58+00:00,2155.728801834527,850.9321595413606,GHGSat open Zenodo release (2021-2022)
115,14.05619401,99.97114514,2022,12,10,6,34,58,0.5288654110494612,0.4023058633046447,1.89,5,Lba814Z,2022-12-10 06:34:58,39.20001400357878,347.5798829480086,1.3026,0.0003573897,(14.056800;99.971900),C5_20221210_20221216_Lba814Z_8401_CH4PL.tif,GHGSat (open sample),2022-12-10 06:34:58+00:00,528.8654110494612,402.3058633046447,GHGSat open Zenodo release (2021-2022)
115,14.05595007,99.96351486,2022,12,10,6,34,58,0.0660707868443757,0.0660707868443757,1.89,5,Lba814Z,2022-12-10 06:34:58,1.963259818731468,139.34194677068982,1.3026,0.0003573897,(14.055500;99.962800),C5_20221210_20221216_Lba814Z_8400_CH4PL.tif,GHGSat (open sample),2022-12-10 06:34:58+00:00,66.0707868443757,66.0707868443757,GHGSat open Zenodo release (2021-2022)
115,14.06545737,99.97695793,2022,12,10,6,34,58,0.0666811174964831,0.0666811174964831,1.89,5,Lba814Z,2022-12-10 06:34:58,2.4116777815261967,169.60161656220214,1.3026,0.0003573897,(14.065800;99.977300),C5_20221210_20221216_Lba814Z_8402_CH4PL.tif,GHGSat (open sample),2022-12-10 06:34:58+00:00,66.6811174964831,66.6811174964831,GHGSat open Zenodo release (2021-2022)
115,14.0567325,99.96480732,2022,12,16,6,36,46,0.7879273968828214,0.365426927585139,2.56,4,HbgAW4Z,2022-12-16 06:36:46,65.58551731157996,458.5948831410525,1.5304000000000002,0.0003573897,(14.056400;99.965600),C4_20221216_20221222_HbgAW4Z_8586_CH4PL.tif,GHGSat (open sample),2022-12-16 06:36:46+00:00,787.9273968828214,365.426927585139,GHGSat open Zenodo release (2021-2022)
115,14.06870446,99.97784506,2022,12,16,6,36,46,0.3740767848434656,0.1806820376638519,2.56,4,HbgAW4Z,2022-12-16 06:36:46,19.42689380964838,286.12121940530733,1.5304000000000002,0.0003573897,(14.068500;99.977300),C4_20221216_20221222_HbgAW4Z_8587_CH4PL.tif,GHGSat (open sample),2022-12-16 06:36:46+00:00,374.07678484346565,180.6820376638519,GHGSat open Zenodo release (2021-2022)
115,14.05801618,99.97270219,2022,12,16,6,36,46,1.6617122370739277,0.7631696372567519,2.56,4,HbgAW4Z,2022-12-16 06:36:46,326.25839551132475,1081.716204805167,1.5304000000000002,0.0003573897,(14.057700;99.972800),C4_20221216_20221222_HbgAW4Z_8585_CH4PL.tif,GHGSat (open sample),2022-12-16 06:36:46+00:00,1661.7122370739278,763.1696372567519,GHGSat open Zenodo release (2021-2022)
115,14.05612,99.971907,2022,12,18,6,38,40,3.9183409230244943,1.0095801140843617,7.37,5,Lbi914Z,2022-12-18 06:38:40,318.5947907660508,926.6642873390144,3.1658000000000004,0.0003573897,(14.056700;99.971800),C5_20221218_20230114_Lbi914Z_9277_CH4PL.tif,GHGSat (open sample),2022-12-18 06:38:40+00:00,3918.3409230244943,1009.5801140843616,GHGSat open Zenodo release (2021-2022)
115,14.05374628,99.97290827,2022,12,21,6,31,16,2.1352749531892967,0.7112107843595977,4.94,3,Dbl-W4Z,2022-12-21 06:31:16,165.16645603374704,651.4966064926583,2.3396000000000003,0.0003573897,(14.054000;99.973500),C3_20221221_20230105_Dbl-W4Z_8862_CH4PL.tif,GHGSat (open sample),2022-12-21 06:31:16+00:00,2135.274953189297,711.2107843595977,GHGSat open Zenodo release (2021-2022)
144,16.04315691,108.14194196,2022,5,30,2,18,30,1.4119486463689743,1.037653219568668,0.5,2,AZYBfor,2022-05-30 02:18:30,333.5569505402365,705.881315710242,0.8300000000000001,0.0003567299,(16.043500;108.142000),C2_20220530_20220607_AZYBfor_4124_CH4PL.tif,GHGSat (open sample),2022-05-30 02:18:30+00:00,1411.9486463689743,1037.653219568668,GHGSat open Zenodo release (2021-2022)
144,16.04134478,108.14271528,2022,7,25,2,11,41,2.697318097284678,1.3273464280548797,2.03,2,A_Q-for,2022-07-25 02:11:41,784.762978107221,1414.1873391889912,1.3502,0.0003567299,(16.041800;108.142500//16.042900;108.140700),C2_20220725_20220727_A_Q-for_4845_CH4PL.tif,GHGSat (open sample),2022-07-25 02:11:41+00:00,2697.318097284678,1327.3464280548797,GHGSat open Zenodo release (2021-2022)
145,10.66752343,106.67236797,2022,12,29,6,8,24,6.124180820145145,3.097585626073378,1.9,5,LbsSKxL,2022-12-29 06:08:24,871.5034869464388,669.0626737781831,1.306,0.0003576373,(10.667600;106.672600),C5_20221229_20230111_LbsSKxL_9177_CH4PL.tif,GHGSat (open sample),2022-12-29 06:08:24+00:00,6124.180820145145,3097.585626073378,GHGSat open Zenodo release (2021-2022)
146,21.33578,105.83404,2022,8,2,6,21,2,6.378110437083655,2.889313248986685,2.95,4,H_XJ2S5,2022-08-02 06:21:02,1034.503674671187,971.0347070053768,1.6630000000000005,0.0003573485,(21.332000;105.836700//21.336100;105.834200),C4_20220802_20220810_H_XJ2S5_5144_CH4PL.tif,GHGSat (open sample),2022-08-02 06:21:02+00:00,6378.110437083655,2889.3132489866853,GHGSat open Zenodo release (2021-2022)
146,21.33640952,105.83472703,2022,10,24,2,23,20,7.863311091023752,4.246229506020654,1.56,2,-aqAXS5,2022-10-24 02:23:20,5078.01672560466,2767.477433446172,1.1904,0.0003573485,(21.336600;105.834800),C2_20221024_20221026_-aqAXS5_7187_CH4PL.tif,GHGSat (open sample),2022-10-24 02:23:20+00:00,7863.311091023752,4246.229506020654,GHGSat open Zenodo release (2021-2022)
147,21.12825447,105.42313484,2022,7,26,6,24,21,5.053212474156295,2.151943193744526,3.03,3,D_QM9ks,2022-07-26 06:24:21,982.950199557986,1183.5989024492933,1.6902,0.000356359,(21.129800;105.423300),C3_20220726_20220730_D_QM9ks_4969_CH4PL.tif,GHGSat (open sample),2022-07-26 06:24:21+00:00,5053.212474156295,2151.943193744526,GHGSat open Zenodo release (2021-2022)
147,21.12943243,105.42216289,2022,10,16,2,30,4,1.7483461884297975,0.7500684576332765,2.95,2,-aj4dks,2022-10-16 02:30:04,171.8106543106331,588.325145233787,1.6630000000000005,0.000356359,(21.129300;105.423400),C2_20221016_20221019_-aj4dks_6997_CH4PL.tif,GHGSat (open sample),2022-10-16 02:30:04+00:00,1748.3461884297974,750.0684576332765,GHGSat open Zenodo release (2021-2022)
147,21.12933282,105.42327411,2022,11,1,6,19,56,1.86086624596686,0.6730533207177679,4.69,3,DaxKdks,2022-11-01 06:19:56,135.31378309709737,590.1995598635498,2.2546000000000004,0.000356359,(21.129300;105.423600),C3_20221101_20231013_DaxKdks_18156_CH4PL.tif,GHGSat (open sample),2022-11-01 06:19:56+00:00,1860.8662459668599,673.0533207177679,GHGSat open Zenodo release (2021-2022)
147,21.12969319,105.42306321,2022,11,5,6,24,23,0.9841280355347114,0.5099115160220725,1.78,4,Hb3Adks,2022-11-05 06:24:23,76.19082438781408,352.62471865981547,1.2652,0.000356359,(21.129400;105.423300),C4_20221105_20221114_Hb3Adks_7629_CH4PL.tif,GHGSat (open sample),2022-11-05 06:24:23+00:00,984.1280355347114,509.91151602207253,GHGSat open Zenodo release (2021-2022)
147,21.12967,105.42445,2022,12,19,6,25,15,1.622719246615304,0.8098571243700949,1.95,5,LbiJ9ks,2022-12-19 06:25:15,167.17775532067563,490.6789727810976,1.323,0.000356359,(21.129700;105.423900),C5_20221219_20221231_LbiJ9ks_8781_CH4PL.tif,GHGSat (open sample),2022-12-19 06:25:15+00:00,1622.719246615304,809.857124370095,GHGSat open Zenodo release (2021-2022)
148,20.81502298,106.7551248,2022,10,11,6,18,15,1.017941648961723,0.6122174163378948,1.11,4,HacOE4Q,2022-10-11 06:18:15,112.88515291555028,414.1547876683679,1.0374,0.0003576373,(20.814900;106.755300),C4_20221011_20221013_HacOE4Q_6849_CH4PL.tif,GHGSat (open sample),2022-10-11 06:18:15+00:00,1017.941648961723,612.2174163378949,GHGSat open Zenodo release (2021-2022)
