sensor_a,sensor_b,plume_a,plume_b,dist_km,dt_hours,dt_bin,rate_a_kg_hr,rate_b_kg_hr,rate_ratio_a_over_b,lat,lon
EMIT,Tanager,emi20241219t063305p04012-A,tan20241219t040749c00s4001-A,0.05,-2.4,<3h (same overpass),,1750.213330079008,,13.57936799402968,100.67071300157772
EMIT,Tanager,emi20250920t051048p04003-A,tan20250916t034208c84s4001-A,0.23,-97.5,<7d,,,,-7.526733624871909,112.70905409975512
EMIT,Tanager,emi20241219t063253p04011-A,tan20250103t041216c00s4001-A,0.05,357.7,<30d,4584.030922378851,3181.4461924301254,1.4408638855140816,14.0531941214809,99.96127225399675
EMIT,Tanager,emi20250126t050409p04009-A,tan20250103t041216c00s4001-B,1.14,-552.9,<30d,,1216.3736193751297,,14.057756437339492,99.96184644073662
EMIT,Tanager,emi20250125t055258p04011-A,tan20241231t042918c00s4001-A,0.05,-601.4,<30d,670.8790216746484,,,16.89514610623229,96.0245254167437
EMIT,GHGSat,emi20230122t080421p06002-B,GHGSat_site115_20221221,1.26,-769.6,>=30d,,2135.274953189297,,14.056824589201996,99.96163301406528
EMIT,Tanager,emi20250830t023147p01013-A,tan20250709t042254c33s4001-A,0.45,-1246.1,>=30d,8894.168676165245,2482.567869705624,3.5826487503924276,3.188845487822476,101.35737542822932
TROPOMI,Tanager,SRON_20260118T064723_19,tan20251118t051703c40s4001-B,5.08,-1465.5,>=30d,20000.0,1049.237095773129,19.06146864285524,21.63,94.71
EMIT,Tanager,emi20241202t022601p02010-A,tan20250205t040403c00s4001-C,0.07,1561.6,>=30d,1580.927403538527,,,11.484067085766624,104.88572119663752
EMIT,Tanager,emi20250213t082615p06026-B,tan20250422t044821c00s4001-B,0.26,1628.4,>=30d,,173.1492028208006,,16.91685991893739,96.18648879998808
EMIT,GHGSat,EMIT_L2B_CH4PLM_002_20230225T050608_000721,GHGSat_site115_20221218,1.02,-1654.5,>=30d,932.418,3918.3409230244943,0.2379624484743109,14.049772987012991,99.9650633766234
TROPOMI,Tanager,SRON_20260128T065957_20,tan20251118t051703c40s4001-A,9.55,-1705.7,>=30d,10000.0,957.6335266295428,10.442408000475599,21.68,94.71
TROPOMI,Tanager,SRON_20260129T064120_21,tan20251111t051619c41s4001-A,6.53,-1897.4,>=30d,12000.0,599.7188014584539,20.009377679701295,21.6,94.59
EMIT,Tanager,emi20250125t055258p04011-B,tan20250422t044821c00s4001-A,0.27,2086.9,>=30d,624.009512405634,259.8509525968915,2.401413218498622,16.91857618431102,96.18495268923972
EMIT,Tanager,emi20241024t044504p03030-A,tan20250131t041801c00s4001-A,0.59,2375.5,>=30d,1400.8038954005135,1593.6892643769584,0.8789692738177213,13.579477390396434,100.670855414845
EMIT,GHGSat,EMIT_L2B_CH4PLM_002_20230424T060859_000857,GHGSat_site115_20221216,0.98,-3095.5,>=30d,,787.9273968828214,,14.04809074074074,99.96656790123455
EMIT,Tanager,emi20240802t024351p02002-A,tan20250403t032440c00s4001-A,0.07,5856.7,>=30d,,9937.796080744163,,22.54693459460968,114.1724757959397
EMIT,Tanager,EMIT_L2B_CH4PLM_002_20240823T051729_003475,tan20250509t042443c00s4001-A,1.24,6215.1,>=30d,,329.24136414177843,,13.582026699029132,100.68237417475729
EMIT,Tanager,emi20250826t041241p02036-A,tan20260514t042633c39s4001-B,0.13,6264.2,>=30d,972.5012102279286,250.26391462540224,3.8859026547378157,-6.800182728091599,107.3470318555474
EMIT,GHGSat,emi20230921t074856p05002-C,GHGSat_site41_20221231,0.42,-6342.0,>=30d,,7386.780319754182,,22.421047080502177,113.93333537476012
EMIT,Tanager,emi20250217t065009p05036-A,tan20251128t045302c00s4001-A,0.48,6814.0,>=30d,,6887.668552815755,,14.057993390463524,99.9619118116089
EMIT,Tanager,emi20250213t082615p06026-A,tan20251202t051959c54s4001-B,0.36,7004.9,>=30d,914.2227231453307,247.9880880512738,3.686559021158738,16.89466127244934,96.02452678169476
EMIT,Tanager,emi20240429t030438p02038-A,tan20250217t034814c00s4001-A,0.26,7056.7,>=30d,,,,10.665388810491748,106.67039969131588
EMIT,Tanager,emi20240323t065641p05002-A,tan20250205t040403c00s4001-A,0.43,7653.1,>=30d,,1568.696737355656,,11.48844818841927,104.88571560749648
EMIT,Tanager,emi20240426t035431p03032-A,tan20250315t033841c00s4001-A,0.14,7751.7,>=30d,1314.670801661274,538.6365245183308,2.4407383120498602,13.742614444075173,109.13399817883698
EMIT,Tanager,emi20250202t010155p01009-A,tan20260111t034322c00s4001-A,0.09,8234.7,>=30d,3870.6232797376415,715.9359162580171,5.406382319758774,15.297852954828016,120.52096191622172
EMIT,Tanager,emi20240216t075630p05016-A,tan20250205t040403c00s4001-B,1.17,8516.1,>=30d,2512.3431029257554,1608.598392539554,1.561821219378086,11.48730472410675,104.88189787883248
EMIT,GHGSat,emi20231220t070651p05014-A,GHGSat_site115_20221216,2.21,-8856.5,>=30d,,374.0767848434657,,14.055903228531278,99.96219044192634
EMIT,GHGSat,emi20231220t070651p05014-B,GHGSat_site115_20221216,0.16,-8856.5,>=30d,1857.2897416632445,1661.7122370739278,1.1176963737919539,14.056901739854894,99.97362074579792
EMIT,GHGSat,emi20240202t025201p02005-B,GHGSat_site40_20221231,0.51,-9549.2,>=30d,,4887.801634078885,,22.54702509590089,114.17286776076185
EMIT,GHGSat,emi20240202t025201p02005-A,GHGSat_site41_20221228,0.35,-9621.0,>=30d,3562.938536703463,6642.405130865466,0.5363928376104986,22.41996841347047,113.93374264970288
EMIT,Tanager,emi20240202t025201p02005-A,tan20250320t032304c00s4001-A,0.22,9888.5,>=30d,3562.938536703463,2252.033940900086,1.582098063441903,22.41996841347047,113.93374264970288
EMIT,Tanager,emi20241127t045106p04010-A,tan20260114t045129c40s4001-A,0.29,9912.0,>=30d,2504.2036620223366,2315.139162522098,1.0816644211116333,14.056368524102323,99.96104153735467
EMIT,Tanager,EMIT_L2B_CH4PLM_002_20240129T042245_002569,tan20250319t040536c00s4001-A,2.7,9959.7,>=30d,,1915.2992629508171,,11.467520148148148,104.86693111111111
EMIT,Tanager,emi20241024t044504p03030-B,tan20251224t044438c14s4001-A,0.23,10224.0,>=30d,1495.7051635486034,794.0853908795804,1.8835570843229639,13.732814783145258,100.9861427861548
EMIT,Tanager,emi20240202t025201p02005-B,tan20250410t032526c00s4001-A,0.08,10392.6,>=30d,,1985.7072127074528,,22.54702509590089,114.17286776076185
EMIT,GHGSat,emi20240429t030438p02038-A,GHGSat_site145_20221229,0.32,-11684.9,>=30d,,6124.180820145145,,10.665388810491748,106.67039969131588
EMIT,GHGSat,emi20240417t080011p05030-A,GHGSat_site115_20221210,0.29,-11857.4,>=30d,2132.0886571290807,66.0707868443757,32.269763369869345,14.05820850688808,99.96208667354983
EMIT,Tanager,emi20240322t074401p05002-A,tan20250801t043627c33s4001-A,0.27,11924.9,>=30d,4340.360148643227,429.8618495133188,10.09710481066719,13.5847052973685,100.671364739461
EMIT,Tanager,emi20231107t005349p01003-A,tan20250405t034554c00s4001-A,0.02,12362.9,>=30d,1111.2082791847197,,,-6.566336598730658,106.64444518484156
EMIT,GHGSat,emi20240615t083425p06019-A,GHGSat_site115_20221210,0.73,-13274.0,>=30d,1550.432878931685,528.8654110494612,2.9316208746854193,14.059606026880717,99.96531084459308
EMIT,Tanager,emi20240205t020108p02003-A,tan20250905t044131c73s4001-A,0.15,13874.7,>=30d,3100.607500819799,,,13.584323787250185,100.67244101840625
EMIT,Tanager,emi20240104t013445p01003-A,tan20250805t033610c58s4001-A,0.29,13898.0,>=30d,917.0471382531484,,,-7.548284683378498,112.7628556910796
EMIT,GHGSat,emi20240802t024351p02002-A,GHGSat_site40_20221229,0.24,-13965.1,>=30d,,5697.056950592886,,22.54693459460968,114.1724757959397
EMIT,Tanager,emi20230921t074856p05002-C,tan20250508t032900c00s4001-B,0.21,14275.7,>=30d,,1342.969065154592,,22.421047080502177,113.93333537476012
EMIT,Tanager,emi20240223t052749p04022-A,tan20251021t051327c98s4001-A,0.55,14543.8,>=30d,239.05161072289116,,,16.92078112889459,96.18379081294472
EMIT,Tanager,emi20230903t022517p02001-A,tan20250507t041347c00s4001-A,0.31,14689.8,>=30d,,6499.620599671016,,3.185124086531602,101.356172107576
EMIT,Tanager,emi20231220t070703p05015-B,tan20250919t044315c71s4001-A,0.27,15333.6,>=30d,1767.7369681888283,696.1143619945083,2.5394347031196207,13.58173459260722,100.67026520226722
EMIT,Tanager,emi20240615t083425p06019-A,tan20260318t051007c70s4001-A,0.42,15380.6,>=30d,1550.432878931685,3056.274464186038,0.5072950407759285,14.059606026880717,99.96531084459308
EMIT,Tanager,emi20240205t020120p02004-A,tan20251126t043949c37s4001-A,0.5,15842.6,>=30d,279.8290913034779,3538.404622592363,0.07908340654904103,13.767723682738506,101.40333043334266
EMIT,Tanager,emi20230405t015446p02002-B,tan20250126t025942c00s4001-A,0.6,15889.1,>=30d,,4975.578243414561,,14.77738611282794,121.15600657490955
EMIT,Tanager,emi20230405t015446p02002-A,tan20250202t025751c00s4001-B,0.58,16057.1,>=30d,,1043.9268802360252,,14.694343096327202,121.16561477781728
EMIT,GHGSat,emi20241127t045106p04010-A,GHGSat_site115_20221210,1.99,-17230.3,>=30d,2504.2036620223366,66.6811174964831,37.55491443517595,14.056368524102323,99.96104153735467
GHGSat,Tanager,GHGSat_site115_20221221,tan20250103t041216c00s4001-B,0.37,17853.7,>=30d,2135.274953189297,1216.3736193751297,1.755443326932905,14.05374628,99.97290827
EMIT,GHGSat,emi20241219t063253p04011-A,GHGSat_site115_20221204,1.25,-17904.0,>=30d,4584.030922378851,2155.728801834527,2.1264413772631494,14.0531941214809,99.96127225399675
GHGSat,Tanager,GHGSat_site115_20221218,tan20250103t041216c00s4001-A,1.23,17925.6,>=30d,3918.3409230244943,3181.4461924301254,1.2316225659725828,14.05612,99.971907
EMIT,Tanager,emi20240417t080011p05030-A,tan20260531t051516c36s4001-A,0.44,18573.3,>=30d,2132.0886571290807,,,14.05820850688808,99.96208667354983
GHGSat,Tanager,GHGSat_site145_20221229,tan20250217t034814c00s4001-A,0.54,18741.7,>=30d,6124.180820145145,,,10.66752343,106.67236797
EMIT,Tanager,emi20240123t073426p05002-A,tan20260410t052726c20s4001-C,0.5,19389.9,>=30d,,177.6504265731093,,16.89658302193746,96.0217399229836
EMIT,GHGSat,emi20250126t050409p04009-A,GHGSat_site115_20221108,1.13,-19438.4,>=30d,,4823.11556975597,,14.057756437339492,99.96184644073662
GHGSat,Tanager,GHGSat_site41_20221231,tan20250320t032304c00s4001-A,0.39,19441.5,>=30d,7386.780319754182,2252.033940900086,3.280048397850459,22.41744268,113.93224044
GHGSat,Tanager,GHGSat_site40_20221231,tan20250403t032440c00s4001-A,0.46,19773.7,>=30d,4887.801634078885,9937.796080744163,0.49183959847492426,22.54386267,114.16929594
GHGSat,Tanager,GHGSat_site40_20221229,tan20250410t032526c00s4001-A,0.19,19989.8,>=30d,5697.056950592886,1985.7072127074528,2.869031705245769,22.54481,114.17201
EMIT,GHGSat,emi20250217t065009p05036-A,GHGSat_site115_20221104,0.3,-20064.2,>=30d,,2381.83393067003,,14.057993390463524,99.9619118116089
GHGSat,Tanager,GHGSat_site41_20221228,tan20250508t032900c00s4001-B,0.47,20685.6,>=30d,6642.405130865466,1342.969065154592,4.946059669736953,22.41684627,113.93322015
EMIT,Tanager,emi20230424t060911p04036-A,tan20250919t044315c71s4001-B,0.37,21094.6,>=30d,,612.8653817971546,,13.583448528537572,100.67473183387408
GHGSat,Tanager,GHGSat_site40_20221223,tan20250522t033150c40s4001-A,0.21,21141.9,>=30d,4836.12084692282,1537.2917571700646,3.1458705378251888,22.54438991,114.17031515
EMIT,Tanager,emi20231220t070651p05014-A,tan20260531t051516c36s4001-B,0.26,21430.1,>=30d,,,,14.055903228531278,99.96219044192634
GHGSat,Tanager,GHGSat_site41_20221225,tan20250607t034604c36s4001-A,0.09,21478.0,>=30d,5836.235614736566,2619.001055757204,2.2284204895248494,22.41845981,113.93379077
GHGSat,Tanager,GHGSat_site41_20221224,tan20250607t034604c36s4001-F,0.85,21506.0,>=30d,7153.272103437352,872.5301150370526,8.19830969746366,22.41850842,113.9327382
GHGSat,Tanager,GHGSat_site146_20221024,tan20250416t040627c00s4001-A,0.33,21721.7,>=30d,7863.311091023752,1322.391285580159,5.946281691938073,21.33640952,105.83472703
EMIT,Tanager,emi20230623t045729p03032-A,tan20251228t033836c62s4001-A,0.43,22054.7,>=30d,858.4027749805232,1459.9028769888948,0.5879862205292804,14.701147974932738,120.91905618004432
EMIT,Tanager,emi20231107t005349p01003-B,tan20260608t043254c92s4001-A,0.24,22659.7,>=30d,582.8262172061959,,,-6.135028186634798,106.616814983376
EMIT,Tanager,emi20230623t045717p03031-A,tan20260201t034938c53s4001-A,0.13,22894.9,>=30d,,779.2174016767533,,15.29821588325683,120.52138456106763
GHGSat,Tanager,GHGSat_site41_20221210,tan20250823t035714c23s4001-B,0.32,23690.2,>=30d,7089.280504056103,2861.5241179934574,2.477449153574568,22.41679937,113.93146233
GHGSat,Tanager,GHGSat_site41_20221208,tan20250823t035714c23s4001-A,0.81,23734.2,>=30d,8802.536232855513,2691.451398079691,3.2705536645157283,22.41793659,113.93402194
EMIT,Tanager,EMIT_L2B_CH4PLM_002_20230225T050619_000723,tan20251114t045112c19s4001-A,0.19,23831.7,>=30d,,2535.977374694553,,13.578681714285716,100.66920371428571
GHGSat,Tanager,GHGSat_site98_20220723,tan20250416t041119c00s4001-B,0.1,23953.5,>=30d,6938.669934374182,683.7516716820379,10.147938530526682,2.73269413,101.60382329
GHGSat,Tanager,GHGSat_site41_20221113,tan20250830t035818c40s4001-B,0.18,24502.3,>=30d,12328.418932208577,2471.04413697973,4.989153673020656,22.41482126,113.93228888
GHGSat,Tanager,GHGSat_site40_20221209,tan20250927t040200c96s4001-A,0.51,24554.1,>=30d,18131.60856074299,2281.964600980282,7.94561342141506,22.54496553,114.16995287
GHGSat,Tanager,GHGSat_site41_20221014,tan20250830t035818c40s4001-A,0.41,25222.2,>=30d,4824.190094103715,1810.693279085336,2.6642779038427946,22.41840093,113.93355108
GHGSat,Tanager,GHGSat_site41_20221011,tan20250906t035918c47s4001-D,0.38,25466.0,>=30d,9039.672301855471,828.0212026172214,10.917199068432963,22.41700842,113.93172892
GHGSat,Tanager,GHGSat_site144_20220725,tan20250623t040354c58s4001-A,0.21,25537.9,>=30d,2697.318097284678,800.5158475869232,3.3694749522017333,16.04134478,108.14271528
EMIT,Tanager,emi20230126t062716p05002-B,tan20251226t045848c67s4001-B,0.09,25558.5,>=30d,1853.4571131476744,,,13.582702397800531,100.67017854414746
GHGSat,Tanager,GHGSat_site61_20220518,tan20250420t030853c00s4001-A,0.11,25633.5,>=30d,776.4285545138594,,,-8.72125285,115.22220852
GHGSat,Tanager,GHGSat_site146_20220802,tan20250709t041828c55s4001-A,0.17,25726.0,>=30d,6378.110437083655,,,21.33578,105.83404
GHGSat,Tanager,GHGSat_site115_20221216,tan20251128t045302c00s4001-A,0.54,25870.3,>=30d,787.9273968828214,6887.668552815755,0.11439682250109262,14.0567325,99.96480732
GHGSat,Tanager,GHGSat_site41_20220910,tan20250906t035918c47s4001-E,0.32,26206.1,>=30d,13425.223214864176,784.5293307304382,17.112455441741847,22.41581895,113.93351623
GHGSat,Tanager,GHGSat_site61_20220518,tan20250525t031347c58s4001-A,0.18,26473.6,>=30d,1117.8964369541654,,,-8.72373774,115.22225241
GHGSat,Tanager,GHGSat_site115_20221216,tan20260114t045129c40s4001-A,1.31,26998.2,>=30d,1661.7122370739278,2315.139162522098,0.7177591152938162,14.05801618,99.97270219
GHGSat,Tanager,GHGSat_site40_20221027,tan20251218t040111c06s4001-D,0.47,27550.4,>=30d,5794.280027570148,1530.9337640191009,3.784801252510527,22.54554506,114.16806624
GHGSat,Tanager,GHGSat_site40_20221027,tan20251218t040111c06s4001-A,0.48,27554.3,>=30d,3994.623883217602,3561.487260735674,1.121616782757341,22.54635203,114.16886895
GHGSat,Tanager,GHGSat_site144_20220530,tan20250811t041050c68s4001-A,0.42,28057.9,>=30d,1411.9486463689743,630.0742753346763,2.24092412853864,16.04315691,108.14194196
GHGSat,Tanager,GHGSat_site40_20221026,tan20260115t040911c11s4001-B,0.66,28246.3,>=30d,6432.330813435001,6360.066075315742,1.01136226216261,22.54299354,114.16974836
GHGSat,Tanager,GHGSat_site115_20221216,tan20260318t051007c70s4001-A,2.11,28510.6,>=30d,374.0767848434657,3056.274464186038,0.12239633227544296,14.06870446,99.97784506
GHGSat,Tanager,GHGSat_site147_20221219,tan20260413t045900c60s4001-B,0.07,29062.6,>=30d,1622.719246615304,,,21.12967,105.42445
GHGSat,Tanager,GHGSat_site41_20220903,tan20260205t041534c58s4001-A,0.16,30022.4,>=30d,10424.594446275878,4032.556480906661,2.585108105896154,22.417168,113.934122
GHGSat,Tanager,GHGSat_site147_20221105,tan20260413t045900c60s4001-A,0.56,30118.6,>=30d,984.1280355347114,,,21.12969319,105.42306321
GHGSat,Tanager,GHGSat_site115_20221210,tan20260531t051516c36s4001-A,0.23,30430.7,>=30d,66.0707868443757,,,14.05595007,99.96351486
GHGSat,Tanager,GHGSat_site115_20221210,tan20260531t051516c36s4001-B,1.13,30430.7,>=30d,528.8654110494612,,,14.05619401,99.97114514
GHGSat,Tanager,GHGSat_site41_20220823,tan20260219t041943c33s4001-A,0.17,30622.6,>=30d,5696.525908753036,6067.125849482658,0.9389167210432559,22.41710146,113.93144922
GHGSat,Tanager,GHGSat_site40_20220912,tan20260507t042325c51s4001-A,0.38,31990.5,>=30d,5691.69483405026,,,22.54597173,114.17135574
GHGSat,Tanager,GHGSat_site40_20220912,tan20260507t042325c51s4001-B,0.49,31990.5,>=30d,1803.586499091143,1446.505639012197,1.2468575651891636,22.54431052,114.1750263
GHGSat,Tanager,GHGSat_site148_20221011,tan20260605t045535c95s4001-A,0.31,31990.6,>=30d,1017.941648961723,951.5667238444468,1.0697533062622382,20.81502298,106.7551248
GHGSat,Tanager,GHGSat_site39_20211004,tan20250705t035023c33s4001-A,0.16,32881.7,>=30d,6437.353936762809,165.632145452981,38.865365893544016,23.26379742,113.48218468
GHGSat,Tanager,GHGSat_site40_20211209,tan20260530t042114c47s4001-A,0.73,39193.4,>=30d,9203.004554624136,,,22.55113726,114.16857719
GHGSat,Tanager,GHGSat_site40_20211203,tan20260530t042114c47s4001-B,0.67,39337.4,>=30d,11549.595899268066,,,22.53937061,114.16737497
