sensor,plume_id,datetime,lat,lon,emission_kg_hr,uncertainty_kg_hr,max_conc_ppm_m,sector,source,in_common_window
Tanager,tan20260608t043254c92s4001-A,2026-06-08 04:32:54.920000+00:00,-6.136807643898095,106.61804535226764,,,,6A,CarbonMapper API,True
Tanager,tan20260608t043254c92s4001-B,2026-06-08 04:32:54.920000+00:00,-6.566705774941752,106.64318741503132,,,,6A,CarbonMapper API,True
Tanager,tan20260608t043254c92s4001-C,2026-06-08 04:32:54.920000+00:00,-6.102690977335143,106.54295513516684,542.8486403151863,536.0749606269263,,6A,CarbonMapper API,True
Tanager,tan20260606t041902c87s4001-A,2026-06-06 04:19:02.870000+00:00,3.371999690899486,113.04678273310331,3523.915576188956,548.5095981173706,,1B2,CarbonMapper API,True
Tanager,tan20260605t045916c64s4001-A,2026-06-05 04:59:16.640000+00:00,7.591558046386467,102.98789095329136,4870.34148317388,655.5564883839921,,1B2,CarbonMapper API,True
Tanager,tan20260605t045535c95s4001-A,2026-06-05 04:55:35.950000+00:00,20.816263929514815,106.75242562638796,951.5667238444468,395.91743273410094,,6A,CarbonMapper API,True
Tanager,tan20260604t040915c39s4001-A,2026-06-04 04:09:15.390000+00:00,-2.220561787121468,115.48480760364151,,,,1B1a,CarbonMapper API,True
Tanager,tan20260531t051516c36s4001-A,2026-05-31 05:15:16.360000+00:00,14.056172764347266,99.96559174867208,,,,6A,CarbonMapper API,True
Tanager,tan20260531t051516c36s4001-B,2026-05-31 05:15:16.360000+00:00,14.053846523968076,99.96095687210322,,,,6A,CarbonMapper API,True
Tanager,tan20260531t034710c72s4001-A,2026-05-31 03:47:10.720000+00:00,-5.175556639458776,119.49097691438855,,,,6A,CarbonMapper API,True
Tanager,tan20260531t034151c23s4001-A,2026-05-31 03:41:51.230000+00:00,14.768483777525717,121.15612632428144,2972.773380224693,393.88680144572896,,6A,CarbonMapper API,True
Tanager,tan20260531t034151c23s4001-B,2026-05-31 03:41:51.230000+00:00,14.68993575708329,121.16437483251524,,,,6A,CarbonMapper API,True
Tanager,tan20260530t042114c47s4001-A,2026-05-30 04:21:14.470000+00:00,22.547349884160724,114.17434955788684,,,,6A,CarbonMapper API,True
Tanager,tan20260530t042114c47s4001-B,2026-05-30 04:21:14.470000+00:00,22.544536022827984,114.17079011955252,,,,6A,CarbonMapper API,True
Tanager,tan20260528t041352c64s4001-A,2026-05-28 04:13:52.640000+00:00,4.739404707884404,113.74136887274676,1004.4169028903834,123.09246398779968,,1B2,CarbonMapper API,True
Tanager,tan20260528t041352c64s4001-B,2026-05-28 04:13:52.640000+00:00,4.437412180604099,113.8020618967888,451.5281081340096,57.935818859717685,,1B2,CarbonMapper API,True
Tanager,tan20260528t040917c46s4001-A,2026-05-28 04:09:17.460000+00:00,23.44270349396227,116.59965706247203,530.3834285306732,102.05818621698948,,6A,CarbonMapper API,True
Tanager,tan20260527t045032c51s4001-A,2026-05-27 04:50:32.510000+00:00,21.33420332662959,105.83572596680584,726.3645829237082,99.99246795309926,,6A,CarbonMapper API,True
Tanager,tan20260526t040339c78s4001-A,2026-05-26 04:03:39.780000+00:00,-2.220688385167577,115.4848613090245,618.7795274094163,91.15455337577453,,1B1a,CarbonMapper API,True
Tanager,tan20260524t034710c82s4001-A,2026-05-24 03:47:10.820000+00:00,14.69033146080551,121.16517385501272,1421.8592595792147,384.1714203165113,,6A,CarbonMapper API,True
Tanager,tan20260524t034710c82s4001-B,2026-05-24 03:47:10.820000+00:00,14.690083474190756,121.16375843894218,,,,6A,CarbonMapper API,True
Tanager,tan20260523t043329c54s4001-A,2026-05-23 04:33:29.540000+00:00,-6.821769072192993,109.03184354788964,166.91637125892103,88.21623486199184,,6A,CarbonMapper API,True
Tanager,tan20260523t043139c14s4001-A,2026-05-23 04:31:39.140000+00:00,1.377739729557675,110.34484097653126,797.8625231316446,437.9311267229613,,6A,CarbonMapper API,True
Tanager,tan20260522t051223c46s4001-A,2026-05-22 05:12:23.460000+00:00,3.718450515723546,98.64937291810172,83.50555623391077,37.974292118803504,,6A,CarbonMapper API,True
Tanager,tan20260521t041956c05s4001-A,2026-05-21 04:19:56.050000+00:00,1.377222775419426,110.3419699362575,156.56746523485725,50.659582935925066,,6A,CarbonMapper API,True
Tanager,tan20260514t042633c39s4001-A,2026-05-14 04:26:33.390000+00:00,-6.800242911853587,107.35234193388784,,,,6A,CarbonMapper API,True
Tanager,tan20260514t042633c39s4001-B,2026-05-14 04:26:33.390000+00:00,-6.801098867772438,107.34780268606312,250.26391462540224,135.8032279833646,,6A,CarbonMapper API,True
Tanager,tan20260514t042633c39s4001-C,2026-05-14 04:26:33.390000+00:00,-6.800571741816071,107.35067784273888,562.5112723110051,274.2428769759652,,6A,CarbonMapper API,True
Tanager,tan20260511t045037c28s4001-A,2026-05-11 04:50:37.280000+00:00,10.664129981086576,106.67060776978406,2055.4806747338525,342.2657211861639,,6A,CarbonMapper API,True
Tanager,tan20260509t043903c55s4001-A,2026-05-09 04:39:03.550000+00:00,10.66418225400254,106.67130870844358,1240.3870092845805,218.8811654394229,,6A,CarbonMapper API,True
Tanager,tan20260509t043822c44s4001-A,2026-05-09 04:38:22.440000+00:00,10.57980081078692,107.1330252928662,800.9884560099242,163.7064141842663,,6A,CarbonMapper API,True
Tanager,tan20260507t042325c51s4001-A,2026-05-07 04:23:25.510000+00:00,22.549360099061445,114.17184835004169,,,,6A,CarbonMapper API,True
Tanager,tan20260507t042325c51s4001-B,2026-05-07 04:23:25.510000+00:00,22.54856512513618,114.1739074674304,1446.505639012197,113.22231754513454,,6A,CarbonMapper API,True
Tanager,tan20260504t045714c30s4001-A,2026-05-04 04:57:14.300000+00:00,1.658444544211534,103.71998915989576,,,,6A,CarbonMapper API,True
Tanager,tan20260425t044805c63s4001-A,2026-04-25 04:48:05.630000+00:00,1.659235724479714,103.7164382895163,,,,6A,CarbonMapper API,True
Tanager,tan20260425t044611c40s4001-A,2026-04-25 04:46:11.400000+00:00,10.581294956967229,107.13068796805368,1095.3491219628231,197.79678842776516,,6A,CarbonMapper API,True
Tanager,tan20260421t042433c00s4001-B,2026-04-21 04:24:33+00:00,-6.350018031926993,106.998012072523,,,,6A,CarbonMapper API,True
Tanager,tan20260421t042433c00s4001-C,2026-04-21 04:24:33+00:00,-6.346827871990484,106.99509988083912,,,,6A,CarbonMapper API,True
Tanager,tan20260421t042433c00s4001-D,2026-04-21 04:24:33+00:00,-6.350851865546446,107.02009413757372,,,,6A,CarbonMapper API,True
Tanager,tan20260418t045000c61s4001-A,2026-04-18 04:50:00.610000+00:00,1.65990137900215,103.71738965722204,1080.5846236553214,722.4107090270909,,6A,CarbonMapper API,True
Tanager,tan20260417t035752c65s4001-A,2026-04-17 03:57:52.650000+00:00,-2.220960732124155,115.48462999600316,783.6675326613782,164.55513406695565,,1B1a,CarbonMapper API,True
Tanager,tan20260416t043849c10s4001-A,2026-04-16 04:38:49.100000+00:00,-6.105243302174401,106.54389437128071,546.7624181424014,116.36504915074376,,6A,CarbonMapper API,True
Tanager,tan20260416t043447c36s4001-A,2026-04-16 04:34:47.360000+00:00,10.664761858403992,106.67102638965105,,,,6A,CarbonMapper API,True
Tanager,tan20260414t042604c61s4001-A,2026-04-14 04:26:04.610000+00:00,-6.566879741440857,106.6435719130194,,,,6A,CarbonMapper API,True
Tanager,tan20260413t045900c60s4001-A,2026-04-13 04:59:00.600000+00:00,21.127806007888,105.4281198940501,,,,other,CarbonMapper API,True
Tanager,tan20260413t045900c60s4001-B,2026-04-13 04:59:00.600000+00:00,21.130266371449466,105.42431972762296,,,,6A,CarbonMapper API,True
Tanager,tan20260412t041030c66s4001-A,2026-04-12 04:10:30.660000+00:00,4.739291793475175,113.74127997822065,5104.899230473652,1483.8333586213214,,1B2,CarbonMapper API,True
Tanager,tan20260412t041030c66s4001-B,2026-04-12 04:10:30.660000+00:00,4.415498662360775,113.7332958674716,2221.5357042578776,140.94664041038493,,1B2,CarbonMapper API,True
Tanager,tan20260410t052726c20s4001-A,2026-04-10 05:27:26.200000+00:00,16.921908160020152,96.1839174407495,1525.8040490665671,339.8454744603214,,6A,CarbonMapper API,True
Tanager,tan20260410t052726c20s4001-B,2026-04-10 05:27:26.200000+00:00,16.916870660880463,96.18701601758004,,,,6A,CarbonMapper API,True
Tanager,tan20260410t052726c20s4001-C,2026-04-10 05:27:26.200000+00:00,16.89251712014557,96.02371120443236,177.6504265731093,67.83275314002063,,6A,CarbonMapper API,True
Tanager,tan20260409t043556c66s4001-A,2026-04-09 04:35:56.660000+00:00,10.530024516391537,108.4823843478705,240.37886541209392,86.33113860846872,,1B2,CarbonMapper API,True
Tanager,tan20260409t043556c66s4001-B,2026-04-09 04:35:56.660000+00:00,10.34737849043158,108.54584531438633,162.81910388036798,13.148063705568942,,1B2,CarbonMapper API,True
Tanager,tan20260408t034625c15s4001-A,2026-04-08 03:46:25.150000+00:00,-5.175460362707156,119.49092992000692,179.0727440119827,58.19301698125943,,6A,CarbonMapper API,True
Tanager,tan20260404t031654c12s4001-A,2026-04-04 03:16:54.120000+00:00,7.148726309965184,125.55213849211049,456.6517301899716,55.88844729007805,,6A,CarbonMapper API,True
Tanager,tan20260401t034051c05s4001-A,2026-04-01 03:40:51.050000+00:00,14.689287462788071,121.16523676854484,,,,6A,CarbonMapper API,True
Tanager,tan20260401t034051c05s4001-B,2026-04-01 03:40:51.050000+00:00,14.694061326989155,121.16560049657828,,,,6A,CarbonMapper API,True
Tanager,tan20260401t034051c05s4001-C,2026-04-01 03:40:51.050000+00:00,14.771017792828872,121.15768861882066,342.4903768573199,250.3054661221724,,6A,CarbonMapper API,True
Tanager,tan20260401t034051c05s4001-D,2026-04-01 03:40:51.050000+00:00,14.772185238346864,121.15521576768292,1017.4588135273124,1062.8792936603818,,6A,CarbonMapper API,True
Tanager,tan20260401t034051c05s4001-E,2026-04-01 03:40:51.050000+00:00,14.768602425947762,121.15627441096592,163.2561890571856,144.3117067416749,,6A,CarbonMapper API,True
Tanager,tan20260401t034051c05s4001-F,2026-04-01 03:40:51.050000+00:00,14.774866679984228,121.15491359523634,1755.8284828815183,1185.954796607841,,6A,CarbonMapper API,True
Tanager,tan20260330t033224c36s4001-A,2026-03-30 03:32:24.360000+00:00,-5.175636934826599,119.49080796071588,,,,6A,CarbonMapper API,True
Tanager,tan20260328t044719c35s4001-A,2026-03-28 04:47:19.350000+00:00,10.965126218522386,106.43878749162668,1988.6510398479184,247.460000489496,,6A,CarbonMapper API,True
Tanager,tan20260328t044719c35s4001-B,2026-03-28 04:47:19.350000+00:00,10.97345419430046,106.4179875840568,,,,6A,CarbonMapper API,True
Tanager,tan20260328t044719c35s4001-C,2026-03-28 04:47:19.350000+00:00,10.966236421335369,106.44009468327933,372.2772278277937,87.2250416112001,,6A,CarbonMapper API,True
Tanager,tan20260328t031507c43s4001-A,2026-03-28 03:15:07.430000+00:00,7.14871227558757,125.55181231553296,,,,6A,CarbonMapper API,True
Tanager,tan20260326t043244c68s4001-A,2026-03-26 04:32:44.680000+00:00,13.74028759995312,109.13658015888616,,,,6A,CarbonMapper API,True
Tanager,tan20260325t033830c79s4001-A,2026-03-25 03:38:30.790000+00:00,15.296985593822654,120.51961809679544,669.4175356545989,381.3695686144864,,6A,CarbonMapper API,True
Tanager,tan20260323t050100c36s4001-A,2026-03-23 05:01:00.360000+00:00,5.414838595902324,100.62164395539936,800.3182986896957,173.4126853543776,,6A,CarbonMapper API,True
Tanager,tan20260323t050100c36s4001-B,2026-03-23 05:01:00.360000+00:00,5.415266068127394,100.62345288307591,375.025402397504,151.4681937803485,,6A,CarbonMapper API,True
Tanager,tan20260322t041032c39s4001-A,2026-03-22 04:10:32.390000+00:00,-7.550372228340933,112.76485004675884,168.89718539698555,68.2500162257777,,6A,CarbonMapper API,True
Tanager,tan20260321t044710c45s4001-A,2026-03-21 04:47:10.450000+00:00,1.658150298148314,103.71935418606309,764.4863762162134,122.48788306565554,,6A,CarbonMapper API,True
Tanager,tan20260321t044507c99s4001-A,2026-03-21 04:45:07.990000+00:00,10.966655423987234,106.43928918707196,,,,6A,CarbonMapper API,True
Tanager,tan20260320t035706c51s4001-A,2026-03-20 03:57:06.510000+00:00,-8.72228046633009,115.22246638246128,685.9358389110799,121.6340081563799,,6A,CarbonMapper API,True
Tanager,tan20260320t035021c22s4001-A,2026-03-20 03:50:21.220000+00:00,14.772367116064942,121.15316612723626,,,,6A,CarbonMapper API,True
Tanager,tan20260320t035021c22s4001-B,2026-03-20 03:50:21.220000+00:00,14.768256690688943,121.15634066004964,,,,6A,CarbonMapper API,True
Tanager,tan20260320t035021c22s4001-C,2026-03-20 03:50:21.220000+00:00,14.689995316717017,121.16367833595577,,,,6A,CarbonMapper API,True
Tanager,tan20260320t035021c22s4001-D,2026-03-20 03:50:21.220000+00:00,14.692245496630662,121.1650891940667,,,,6A,CarbonMapper API,True
Tanager,tan20260318t051007c70s4001-A,2026-03-18 05:10:07.700000+00:00,14.057717017970418,99.96194332241544,3056.274464186038,436.3231744700531,,6A,CarbonMapper API,True
Tanager,tan20260318t051007c70s4001-B,2026-03-18 05:10:07.700000+00:00,14.006862372843202,100.32022918827356,963.0865977232476,116.05015435528952,,6A,CarbonMapper API,True
Tanager,tan20260318t051007c70s4001-C,2026-03-18 05:10:07.700000+00:00,14.05048629889042,100.15725081971198,1174.903368004458,115.19373948342228,,6B,CarbonMapper API,True
Tanager,tan20260318t034034c50s4001-A,2026-03-18 03:40:34.500000+00:00,0.724287791948768,117.65848078286922,198.09908841489892,129.34848044602256,,other,CarbonMapper API,True
Tanager,tan20260317t041924c43s4001-A,2026-03-17 04:19:24.430000+00:00,1.378336008208677,110.34193882901104,,,,6A,CarbonMapper API,True
Tanager,tan20260316t045944c61s4001-A,2026-03-16 04:59:44.610000+00:00,-0.82479693681654,100.38223787921544,459.65739148682735,56.606092300196025,,6A,CarbonMapper API,True
Tanager,tan20260316t045602c69s4001-A,2026-03-16 04:56:02.690000+00:00,13.766350915341777,101.40153591484562,,,,6A,CarbonMapper API,True
Tanager,tan20260316t045602c69s4001-B,2026-03-16 04:56:02.690000+00:00,13.582318503344354,100.66954132105872,228.8859234172812,86.35994666330113,,6A,CarbonMapper API,True
Tanager,tan20260316t045602c69s4001-C,2026-03-16 04:56:02.690000+00:00,13.584674901454733,100.67134393513146,1394.946429435474,421.3878356865742,,6A,CarbonMapper API,True
Tanager,tan20260316t032500c44s4001-A,2026-03-16 03:25:00.440000+00:00,7.149208044975126,125.55248940717632,657.017809362282,259.8247101503279,,6A,CarbonMapper API,True
Tanager,tan20260316t032352c95s4001-A,2026-03-16 03:23:52.950000+00:00,10.415826736521652,123.92112436422758,2372.3743864797643,302.6351085823038,,6A,CarbonMapper API,True
Tanager,tan20260316t032352c95s4001-B,2026-03-16 03:23:52.950000+00:00,10.41695232901003,123.920323873175,,,,6A,CarbonMapper API,True
Tanager,tan20260316t032352c95s4001-C,2026-03-16 03:23:52.950000+00:00,10.425230757022064,123.93488716188494,526.7590310848414,175.93255186667747,,6A,CarbonMapper API,True
Tanager,tan20260315t040756c47s4001-A,2026-03-15 04:07:56.470000+00:00,-7.55087022508107,112.7642704651567,199.2290805360392,56.76215645799624,,6A,CarbonMapper API,True
Tanager,tan20260315t040756c47s4001-B,2026-03-15 04:07:56.470000+00:00,-7.527957645138798,112.71166316252402,274.8403373327016,53.17070432886998,,other,CarbonMapper API,True
Tanager,tan20260315t040434c44s4001-A,2026-03-15 04:04:34.440000+00:00,6.109432849206271,116.17493992712286,,,,6A,CarbonMapper API,True
Tanager,tan20260314t044235c49s4001-A,2026-03-14 04:42:35.490000+00:00,11.484715803417402,104.88475746134225,,,,6A,CarbonMapper API,True
Tanager,tan20260314t044235c49s4001-B,2026-03-14 04:42:35.490000+00:00,11.480458794982084,104.8864916294109,,,,6A,CarbonMapper API,True
Tanager,tan20260312t043323c07s4001-A,2026-03-12 04:33:23.070000+00:00,-6.42239918229275,106.78856699624674,,,,6A,CarbonMapper API,True
Tanager,tan20260312t042921c83s4001-A,2026-03-12 04:29:21.830000+00:00,10.664067515051954,106.670702872888,4853.752594842,616.4166294936291,,6A,CarbonMapper API,True
Tanager,tan20260311t033551c74s4001-A,2026-03-11 03:35:51.740000+00:00,10.415216682404306,123.92206267870132,1651.822844793646,383.5733283115657,,6A,CarbonMapper API,True
Tanager,tan20260311t033551c74s4001-B,2026-03-11 03:35:51.740000+00:00,10.417400671095962,123.92003923550692,628.0786567283651,271.49919397242087,,6A,CarbonMapper API,True
Tanager,tan20260311t033551c74s4001-C,2026-03-11 03:35:51.740000+00:00,10.423722349361157,123.93570154749013,,,,6A,CarbonMapper API,True
Tanager,tan20260311t033429c90s4001-A,2026-03-11 03:34:29.900000+00:00,14.770568853608635,121.1534674697761,404.1026561740823,467.2686171799554,,6A,CarbonMapper API,True
Tanager,tan20260311t033429c90s4001-B,2026-03-11 03:34:29.900000+00:00,14.689812934045904,121.16525083163371,2404.178272698987,551.9449375914871,,6A,CarbonMapper API,True
Tanager,tan20260311t033429c90s4001-C,2026-03-11 03:34:29.900000+00:00,14.693604752002583,121.16526145620952,,,,6A,CarbonMapper API,True
Tanager,tan20260311t033429c90s4001-D,2026-03-11 03:34:29.900000+00:00,14.76831491325528,121.1567275500406,828.1240218921952,82.69530984647132,,6A,CarbonMapper API,True
Tanager,tan20260311t033429c90s4001-E,2026-03-11 03:34:29.900000+00:00,14.7714768199302,121.15832237688704,299.3044954591808,42.64094636233939,,6A,CarbonMapper API,True
Tanager,tan20260310t041958c15s4001-A,2026-03-10 04:19:58.150000+00:00,-7.025388127558372,110.35947808715856,594.699752638775,164.43946922582944,,6A,CarbonMapper API,True
Tanager,tan20260308t040224c65s4001-A,2026-03-08 04:02:24.650000+00:00,6.345982439753129,115.65696293668702,949.5556723104164,142.30765264456866,,1B2,CarbonMapper API,True
Tanager,tan20260306t034614c53s4001-A,2026-03-06 03:46:14.530000+00:00,14.702348685033328,120.9128681092704,392.1499574130377,205.8373695353573,,6A,CarbonMapper API,True
Tanager,tan20260306t034614c53s4001-B,2026-03-06 03:46:14.530000+00:00,14.699128392530028,120.91379194774692,221.7335695086956,160.35166845880124,,6A,CarbonMapper API,True
Tanager,tan20260303t041545c26s4001-A,2026-03-03 04:15:45.260000+00:00,1.376387529562621,110.34685631590072,446.43491116945455,172.54871767467012,,6A,CarbonMapper API,True
Tanager,tan20260303t041545c26s4001-B,2026-03-03 04:15:45.260000+00:00,1.377590326847269,110.34219840616026,306.58714597871466,127.54947431636684,,6A,CarbonMapper API,True
Tanager,tan20260228t044100c44s4001-A,2026-02-28 04:41:00.440000+00:00,1.659322061044023,103.71905425138834,,,,6A,CarbonMapper API,True
Tanager,tan20260225t050656c65s4001-A,2026-02-25 05:06:56.650000+00:00,3.718299316180705,98.6502277736672,,,,6A,CarbonMapper API,True
Tanager,tan20260221t043535c76s4001-A,2026-02-21 04:35:35.760000+00:00,16.03879166910515,108.14309904566448,,,,6A,CarbonMapper API,True
Tanager,tan20260219t041943c33s4001-A,2026-02-19 04:19:43.330000+00:00,22.417645093025897,113.92994023257552,6067.125849482658,1185.89847352258,,6A,CarbonMapper API,True
Tanager,tan20260214t043510c90s4001-A,2026-02-14 04:35:10.900000+00:00,10.581412950315809,107.12926719116194,,,,6A,CarbonMapper API,True
Tanager,tan20260205t041534c58s4001-A,2026-02-05 04:15:34.580000+00:00,22.41847622917869,113.93355895141993,4032.556480906661,1859.65723690516,,6A,CarbonMapper API,True
Tanager,tan20260202t044529c65s4001-A,2026-02-02 04:45:29.650000+00:00,6.374236922828416,103.81909378734429,4579.2853106037965,507.7693946862003,,1B2,CarbonMapper API,True
Tanager,tan20260201t034938c53s4001-A,2026-02-01 03:49:38.530000+00:00,15.298656159733795,120.52251133690017,779.2174016767533,206.13972301917948,,6A,CarbonMapper API,True
Tanager,tan20260131t042916c69s4001-A,2026-01-31 04:29:16.690000+00:00,16.039285602062876,108.14257853806475,889.2753554168883,180.93447677748884,,6A,CarbonMapper API,True
Tanager,tan20260130t034102c31s4001-A,2026-01-30 03:41:02.310000+00:00,-5.1755118609166,119.49098263533875,,,,6A,CarbonMapper API,True
Tanager,tan20260126t044309c65s4001-A,2026-01-26 04:43:09.650000+00:00,6.980779053952119,104.17792553711354,2975.268799801296,211.430803757058,,1B2,CarbonMapper API,True
Tanager,tan20260118t035218c49s4001-A,2026-01-18 03:52:18.490000+00:00,-8.721537603472385,115.22191399124756,507.9263370322136,151.94049872951442,,6A,CarbonMapper API,True
Tanager,tan20260116t050539c46s4001-A,2026-01-16 05:05:39.460000+00:00,14.006057893098143,100.318680411459,,,,6A,CarbonMapper API,True
Tanager,tan20260116t050539c46s4001-B,2026-01-16 05:05:39.460000+00:00,14.005411964969028,100.32078418516988,725.7966825379706,238.5975889824805,,6A,CarbonMapper API,True
Tanager,tan20260115t040911c11s4001-A,2026-01-15 04:09:11.110000+00:00,22.81082929142912,112.67662286466896,1275.8724203457375,562.9748559516258,,1B1a,CarbonMapper API,True
Tanager,tan20260115t040911c11s4001-B,2026-01-15 04:09:11.110000+00:00,22.54806430239904,114.1731192266202,6360.066075315742,795.0559737709077,,6A,CarbonMapper API,True
Tanager,tan20260114t045129c40s4001-A,2026-01-14 04:51:29.400000+00:00,14.05374014254616,99.96140518067313,2315.139162522098,840.9427138393181,,6A,CarbonMapper API,True
Tanager,tan20260112t043730c98s4001-A,2026-01-12 04:37:30.980000+00:00,10.669023839506464,106.67440663561548,,,,6A,CarbonMapper API,True
Tanager,tan20260112t043730c98s4001-B,2026-01-12 04:37:30.980000+00:00,10.665287772482486,106.67295191839035,795.4451078611849,396.7414972198506,,6A,CarbonMapper API,True
Tanager,tan20260112t043730c98s4001-D,2026-01-12 04:37:30.980000+00:00,11.178599952046056,106.65851629406136,700.2529385125276,190.6569789696283,,6A,CarbonMapper API,True
Tanager,tan20260111t034322c00s4001-A,2026-01-11 03:43:22+00:00,15.298096992973612,120.52013057198803,715.9359162580171,144.5960043539882,,6A,CarbonMapper API,True
Tanager,tan20260107t044924c16s4001-A,2026-01-07 04:49:24.160000+00:00,13.57941502910056,100.67070477966728,,,,6A,CarbonMapper API,True
Tanager,tan20260107t044924c16s4001-B,2026-01-07 04:49:24.160000+00:00,13.582563438756637,100.67054513701368,,,,6A,CarbonMapper API,True
Tanager,tan20260106t040036c48s4001-A,2026-01-06 04:00:36.480000+00:00,-7.025033509456776,110.35938890850434,,,,6A,CarbonMapper API,True
Tanager,tan20251231t045108c40s4001-A,2025-12-31 04:51:08.400000+00:00,-0.825203356626133,100.3820745413356,529.1091264494382,167.21077757374005,,6A,CarbonMapper API,True
Tanager,tan20251228t033836c62s4001-A,2025-12-28 03:38:36.620000+00:00,14.699537704198915,120.915382056473,1459.9028769888948,563.9338940472802,,6A,CarbonMapper API,True
Tanager,tan20251226t045848c67s4001-A,2025-12-26 04:58:48.670000+00:00,13.579392300793389,100.67054216471269,,,,6A,CarbonMapper API,True
Tanager,tan20251226t045848c67s4001-B,2025-12-26 04:58:48.670000+00:00,13.5819753157286,100.67049671769075,,,,6A,CarbonMapper API,True
Tanager,tan20251226t045848c67s4001-D,2025-12-26 04:58:48.670000+00:00,13.063696474581548,101.02402081182412,1597.296529833898,415.9059449483604,,6A,CarbonMapper API,True
Tanager,tan20251224t044438c14s4001-A,2025-12-24 04:44:38.140000+00:00,13.732406565008093,100.98404355097654,794.0853908795804,156.44608266009223,,6A,CarbonMapper API,True
Tanager,tan20251218t040111c06s4001-A,2025-12-18 04:01:11.060000+00:00,22.547056239954745,114.17352033820504,3561.487260735674,489.28304416602896,,6A,CarbonMapper API,True
Tanager,tan20251218t040111c06s4001-D,2025-12-18 04:01:11.060000+00:00,22.544725691909196,114.17255019631676,1530.9337640191009,213.7165406902817,,6A,CarbonMapper API,True
Tanager,tan20251217t044337c49s4001-A,2025-12-17 04:43:37.490000+00:00,13.062701293516142,101.02334026872389,1415.914908618083,219.6599204474626,,6A,CarbonMapper API,True
Tanager,tan20251216t052114c23s4001-A,2025-12-16 05:21:14.230000+00:00,16.963784219162676,95.6452942745408,,,,1B2,CarbonMapper API,True
Tanager,tan20251216t052114c23s4001-B,2025-12-16 05:21:14.230000+00:00,16.968848613783678,95.63299530166104,,,,1B2,CarbonMapper API,True
Tanager,tan20251216t052114c23s4001-C,2025-12-16 05:21:14.230000+00:00,16.964501806699744,95.65536408149995,,,,1B2,CarbonMapper API,True
Tanager,tan20251216t052114c23s4001-D,2025-12-16 05:21:14.230000+00:00,17.36182928732336,95.73865116721578,,,,1B2,CarbonMapper API,True
Tanager,tan20251215t043004c04s4001-A,2025-12-15 04:30:04.040000+00:00,11.178596804037523,106.65715661099352,,,,6A,CarbonMapper API,True
Tanager,tan20251212t045843c41s4001-A,2025-12-12 04:58:43.410000+00:00,3.718201364085886,98.65004100759086,,,,6A,CarbonMapper API,True
Tanager,tan20251210t044346c41s4001-A,2025-12-10 04:43:46.410000+00:00,5.414281077979282,100.62390558751645,551.2659369811436,151.63893839668182,,6A,CarbonMapper API,True
Tanager,tan20251210t044346c41s4001-B,2025-12-10 04:43:46.410000+00:00,5.414240032682741,100.62176451844238,372.1531271729158,99.1646711566505,,6A,CarbonMapper API,True
Tanager,tan20251208t042924c73s4001-A,2025-12-08 04:29:24.730000+00:00,10.97172369526406,106.41944021408057,648.3902268576438,141.21891155562096,,6A,CarbonMapper API,True
Tanager,tan20251208t042924c73s4001-B,2025-12-08 04:29:24.730000+00:00,10.965788784835354,106.4392160823486,1008.0379392416454,238.9759089814537,,6A,CarbonMapper API,True
Tanager,tan20251208t042924c73s4001-C,2025-12-08 04:29:24.730000+00:00,10.580769389570747,107.1335006998412,,,,6A,CarbonMapper API,True
Tanager,tan20251206t041539c50s4001-A,2025-12-06 04:15:39.500000+00:00,10.579820128597165,107.13297833493148,1585.717152929789,545.1114005964571,,6A,CarbonMapper API,True
Tanager,tan20251203t030939c37s4001-A,2025-12-03 03:09:39.370000+00:00,7.149144772986887,125.55309548656686,2054.2231193902817,339.39868671649265,,6A,CarbonMapper API,True
Tanager,tan20251203t030823c44s4001-A,2025-12-03 03:08:23.440000+00:00,10.41633395959164,123.92131781010414,1372.207200592725,147.05145995888967,,6A,CarbonMapper API,True
Tanager,tan20251202t051959c54s4001-A,2025-12-02 05:19:59.540000+00:00,16.9217161167727,96.18329673091624,663.4062134339943,182.72864767537556,,6A,CarbonMapper API,True
Tanager,tan20251202t051959c54s4001-B,2025-12-02 05:19:59.540000+00:00,16.893682604237682,96.02126360902533,247.9880880512738,83.20316953058246,,6A,CarbonMapper API,True
Tanager,tan20251202t034846c42s4001-A,2025-12-02 03:48:46.420000+00:00,6.107921625963982,116.17672230507468,1168.1144300768772,118.71389378526592,,6A,CarbonMapper API,True
Tanager,tan20251201t042724c95s4001-A,2025-12-01 04:27:24.950000+00:00,10.66550527291703,106.67121566589998,669.5934943485828,137.6650337310722,,6A,CarbonMapper API,True
Tanager,tan20251201t042724c95s4001-B,2025-12-01 04:27:24.950000+00:00,10.668873995277847,106.67338085053518,,,,6A,CarbonMapper API,True
Tanager,tan20251130t033740c18s4001-A,2025-11-30 03:37:40.180000+00:00,-2.222197665620527,115.49105789596194,,,,1B1a,CarbonMapper API,True
Tanager,tan20251130t033251c90s4001-A,2025-11-30 03:32:51.900000+00:00,14.770567173189477,121.15721074620724,3023.2418938024034,837.6933235845265,,6A,CarbonMapper API,True
Tanager,tan20251130t033251c90s4001-B,2025-11-30 03:32:51.900000+00:00,14.690919618989156,121.16609425865188,,,,6A,CarbonMapper API,True
Tanager,tan20251129t041831c11s4001-A,2025-11-29 04:18:31.110000+00:00,-6.563791613759633,106.64525313963004,725.7246622322767,186.8880052900797,,6A,CarbonMapper API,True
Tanager,tan20251128t045302c00s4001-A,2025-11-28 04:53:02+00:00,14.053806412095128,99.96076318739858,6887.668552815755,924.2535126345384,,6A,CarbonMapper API,True
Tanager,tan20251126t043949c37s4001-A,2025-11-26 04:39:49.370000+00:00,13.764459227386835,101.40014948298403,3538.404622592363,344.96144340225345,,6A,CarbonMapper API,True
Tanager,tan20251125t035141c01s4001-A,2025-11-25 03:51:41.010000+00:00,-7.52779856554345,112.71011744252132,,,,other,CarbonMapper API,True
Tanager,tan20251124t042717c23s4001-A,2025-11-24 04:27:17.230000+00:00,10.960488879004911,106.43247861056771,,,,6A,CarbonMapper API,True
Tanager,tan20251124t042717c23s4001-B,2025-11-24 04:27:17.230000+00:00,10.66421466206151,106.66602770118028,3123.8876321375747,707.1793646335186,,6A,CarbonMapper API,True
Tanager,tan20251124t042717c23s4001-C,2025-11-24 04:27:17.230000+00:00,10.666121261616226,106.67090712095056,,,,6A,CarbonMapper API,True
Tanager,tan20251124t042717c23s4001-D,2025-11-24 04:27:17.230000+00:00,10.966749018813488,106.41354523585682,,,,6A,CarbonMapper API,True
Tanager,tan20251124t042620c43s4001-C,2025-11-24 04:26:20.430000+00:00,11.484232387070064,104.88481299886632,,,,6A,CarbonMapper API,True
Tanager,tan20251124t042620c43s4001-D,2025-11-24 04:26:20.430000+00:00,11.483261170598697,104.88655914551656,,,,6A,CarbonMapper API,True
Tanager,tan20251118t051703c40s4001-A,2025-11-18 05:17:03.400000+00:00,21.649335222810848,94.62368749955766,957.6335266295428,192.35153511432324,,6A,CarbonMapper API,True
Tanager,tan20251118t051703c40s4001-B,2025-11-18 05:17:03.400000+00:00,21.64981314893677,94.66575724999558,1049.237095773129,334.86523890570265,,other,CarbonMapper API,True
Tanager,tan20251117t042818c76s4001-A,2025-11-17 04:28:18.760000+00:00,1.658286575872665,103.720250481005,299.8324438043169,81.466594100608,,6A,CarbonMapper API,True
Tanager,tan20251116t050352c92s4001-A,2025-11-16 05:03:52.920000+00:00,16.916886263776306,96.18692817070774,1015.6757125763202,102.42638511279412,,6A,CarbonMapper API,True
Tanager,tan20251116t050352c92s4001-B,2025-11-16 05:03:52.920000+00:00,16.91956135179157,96.18152993483596,482.9611525138644,191.1719917202512,,6A,CarbonMapper API,True
Tanager,tan20251114t045307c48s4001-A,2025-11-14 04:53:07.480000+00:00,5.414007510754786,100.62313172307876,,,,6A,CarbonMapper API,True
Tanager,tan20251114t045112c19s4001-A,2025-11-14 04:51:12.190000+00:00,13.579290152936837,100.67083522392863,2535.977374694553,224.40842869172965,,6A,CarbonMapper API,True
Tanager,tan20251111t051619c41s4001-A,2025-11-11 05:16:19.410000+00:00,21.649619720197947,94.62383409796156,599.7188014584539,124.11010654643948,,6A,CarbonMapper API,True
Tanager,tan20251107t032209c67s4001-A,2025-11-07 03:22:09.670000+00:00,-5.175385045717178,119.49088368408349,,,,6A,CarbonMapper API,True
Tanager,tan20251105t030520c63s4001-A,2025-11-05 03:05:20.630000+00:00,7.149784343664308,125.55341177374596,1211.58646691734,202.98260912807729,,6A,CarbonMapper API,True
Tanager,tan20251102t032907c91s4001-A,2025-11-02 03:29:07.910000+00:00,14.769565888148662,121.15572193357758,3929.0021113320895,395.8488696823052,,6A,CarbonMapper API,True
Tanager,tan20251102t032907c91s4001-B,2025-11-02 03:29:07.910000+00:00,14.767994891275237,121.1556765207406,3806.923717459043,837.0967657543629,,6A,CarbonMapper API,True
Tanager,tan20251101t041430c92s4001-A,2025-11-01 04:14:30.920000+00:00,-6.348119595092427,106.99807941096486,1160.4336821514628,758.1398680474808,,6A,CarbonMapper API,True
Tanager,tan20251101t041430c92s4001-D,2025-11-01 04:14:30.920000+00:00,-6.345238527510389,107.0006659895148,235.13330795146803,166.33176147157698,,6A,CarbonMapper API,True
Tanager,tan20251101t041430c92s4001-E,2025-11-01 04:14:30.920000+00:00,-6.356269087538479,106.99904726110644,57.470001471348304,39.0646451531708,,6A,CarbonMapper API,True
Tanager,tan20251021t051327c98s4001-A,2025-10-21 05:13:27.980000+00:00,16.916508251580822,96.1864619057922,,,,6A,CarbonMapper API,True
Tanager,tan20251020t042134c73s4001-A,2025-10-20 04:21:34.730000+00:00,11.484282420634258,104.88500678257373,283.9915716240549,63.75250335732013,,6A,CarbonMapper API,True
Tanager,tan20251020t042134c73s4001-B,2025-10-20 04:21:34.730000+00:00,11.483762561148495,104.88696458114094,506.5292799803946,172.51282439408317,,6A,CarbonMapper API,True
Tanager,tan20251015t043554c08s4001-A,2025-10-15 04:35:54.080000+00:00,5.415080178626823,100.62388161934416,,,,6A,CarbonMapper API,True
Tanager,tan20251015t030203c66s4001-A,2025-10-15 03:02:03.660000+00:00,7.149383611000715,125.55294926482752,783.2018975747956,276.1458805969163,,6A,CarbonMapper API,True
Tanager,tan20251014t034206c72s4001-A,2025-10-14 03:42:06.720000+00:00,6.109418503731646,116.17541737574578,413.21971913178754,105.97705362822316,,6A,CarbonMapper API,True
Tanager,tan20251007t034437c67s4001-A,2025-10-07 03:44:37.670000+00:00,-7.527412301517899,112.7118830001532,,,,other,CarbonMapper API,True
Tanager,tan20251007t034437c67s4001-B,2025-10-07 03:44:37.670000+00:00,-7.551120556689483,112.76404519002944,1820.446835447241,387.44661468544814,,6A,CarbonMapper API,True
Tanager,tan20251007t034437c67s4001-C,2025-10-07 03:44:37.670000+00:00,-7.638396417431451,112.8266025988654,623.6565876843638,122.78775183133548,,1B2,CarbonMapper API,True
Tanager,tan20251004t040529c00s4001-A,2025-10-04 04:05:29+00:00,13.744159483327069,109.13442229545046,,,,6A,CarbonMapper API,True
Tanager,tan20250927t040200c96s4001-A,2025-09-27 04:02:00.960000+00:00,22.547910686772,114.17381270912416,2281.964600980282,182.2995587915192,,6A,CarbonMapper API,True
Tanager,tan20250922t042033c88s4001-A,2025-09-22 04:20:33.880000+00:00,1.659770657965041,103.7182780188176,1400.7920592940516,113.29301007756654,,6A,CarbonMapper API,True
Tanager,tan20250921t032316c90s4001-A,2025-09-21 03:23:16.900000+00:00,14.769473155017335,121.15662794575591,,,,6A,CarbonMapper API,True
Tanager,tan20250921t032316c90s4001-B,2025-09-21 03:23:16.900000+00:00,14.69025445199783,121.16611756976944,,,,6A,CarbonMapper API,True
Tanager,tan20250921t032316c90s4001-C,2025-09-21 03:23:16.900000+00:00,14.774240241755791,121.1528855114534,,,,6A,CarbonMapper API,True
Tanager,tan20250919t044537c23s4001-A,2025-09-19 04:45:37.230000+00:00,5.413833916295232,100.6228597717797,,,,6A,CarbonMapper API,True
Tanager,tan20250919t044315c71s4001-A,2025-09-19 04:43:15.710000+00:00,13.58281402255821,100.67254299584113,696.1143619945083,227.4171449260684,,6A,CarbonMapper API,True
Tanager,tan20250919t044315c71s4001-B,2025-09-19 04:43:15.710000+00:00,13.580549446238408,100.67297090365976,612.8653817971546,238.4607317591226,,6A,CarbonMapper API,True
Tanager,tan20250917t043017c38s4001-A,2025-09-17 04:30:17.380000+00:00,11.480230432648227,104.88844087300004,,,,6A,CarbonMapper API,True
Tanager,tan20250917t043017c38s4001-B,2025-09-17 04:30:17.380000+00:00,11.486482568529482,104.88680541791535,,,,6A,CarbonMapper API,True
Tanager,tan20250916t034208c84s4001-A,2025-09-16 03:42:08.840000+00:00,-7.52827609880184,112.71048112252544,,,,other,CarbonMapper API,True
Tanager,tan20250915t041702c70s4001-A,2025-09-15 04:17:02.700000+00:00,10.666125304839014,106.67485513202286,,,,6A,CarbonMapper API,True
Tanager,tan20250913t040749c85s4001-A,2025-09-13 04:07:49.850000+00:00,-6.345774778178665,106.9957136545944,,,,6A,CarbonMapper API,True
Tanager,tan20250913t040749c85s4001-E,2025-09-13 04:07:49.850000+00:00,-6.345521187537841,106.999766221818,,,,6A,CarbonMapper API,True
Tanager,tan20250913t040749c85s4001-G,2025-09-13 04:07:49.850000+00:00,-6.357027280278487,106.99415742971588,,,,6A,CarbonMapper API,True
Tanager,tan20250913t040749c85s4001-I,2025-09-13 04:07:49.850000+00:00,-6.351376936991969,107.01885111467864,716.8218803405762,413.8489753697178,,6A,CarbonMapper API,True
Tanager,tan20250913t040749c85s4001-L,2025-09-13 04:07:49.850000+00:00,-6.481222434249872,106.9002182883192,736.4774181531823,82.15173244356683,,other,CarbonMapper API,True
Tanager,tan20250909t033745c73s4001-A,2025-09-09 03:37:45.730000+00:00,6.107354806434842,116.17571435967044,,,,6A,CarbonMapper API,True
Tanager,tan20250906t035918c47s4001-D,2025-09-06 03:59:18.470000+00:00,22.419966188187743,113.93362758119184,828.0212026172214,129.51379613491906,,6A,CarbonMapper API,True
Tanager,tan20250906t035918c47s4001-E,2025-09-06 03:59:18.470000+00:00,22.413107613015967,113.9346933225562,784.5293307304382,102.76395414194523,,6A,CarbonMapper API,True
Tanager,tan20250905t044131c73s4001-A,2025-09-05 04:41:31.730000+00:00,13.583493301575205,100.67350448055464,,,,6A,CarbonMapper API,True
Tanager,tan20250903t042821c27s4001-A,2025-09-03 04:28:21.270000+00:00,11.48521163687903,104.88844228568117,,,,6A,CarbonMapper API,True
Tanager,tan20250903t042548c88s4001-B,2025-09-03 04:25:48.880000+00:00,21.33978717842713,105.83296125672116,1319.3933874483291,198.3607421865289,,6A,CarbonMapper API,True
Tanager,tan20250901t041459c64s4001-A,2025-09-01 04:14:59.640000+00:00,10.665253814818016,106.673007649981,834.4976112916314,201.0327228207128,,6A,CarbonMapper API,True
Tanager,tan20250830t040548c81s4001-A,2025-08-30 04:05:48.810000+00:00,-6.346598597172573,106.99640880716048,,,,6A,CarbonMapper API,True
Tanager,tan20250830t035818c40s4001-A,2025-08-30 03:58:18.400000+00:00,22.41980687196167,113.92983425680671,1810.693279085336,251.56268247712512,,6A,CarbonMapper API,True
Tanager,tan20250830t035818c40s4001-B,2025-08-30 03:58:18.400000+00:00,22.414453981604808,113.93058404336692,2471.04413697973,303.54918266210416,,6A,CarbonMapper API,True
Tanager,tan20250829t044250c20s4001-A,2025-08-29 04:42:50.200000+00:00,5.415145080538565,100.62347519277768,793.9135703775619,256.13114967196265,,6A,CarbonMapper API,True
Tanager,tan20250829t031221c76s4001-A,2025-08-29 03:12:21.760000+00:00,-5.174123189355797,119.49118934699334,,,,6A,CarbonMapper API,True
Tanager,tan20250827t042939c62s4001-A,2025-08-27 04:29:39.620000+00:00,2.728436592719831,101.60177623756516,,,,6A,CarbonMapper API,True
Tanager,tan20250823t040443c73s4001-A,2025-08-23 04:04:43.730000+00:00,-6.348575215445578,106.9972883740333,,,,6A,CarbonMapper API,True
Tanager,tan20250823t040443c73s4001-B,2025-08-23 04:04:43.730000+00:00,-6.356717744668259,106.99448533962384,,,,6A,CarbonMapper API,True
Tanager,tan20250823t040443c73s4001-C,2025-08-23 04:04:43.730000+00:00,-6.34629430978508,107.0010796780424,,,,6A,CarbonMapper API,True
Tanager,tan20250823t040443c73s4001-G,2025-08-23 04:04:43.730000+00:00,-6.346249068747227,107.00320324834286,,,,6A,CarbonMapper API,True
Tanager,tan20250823t040443c73s4001-H,2025-08-23 04:04:43.730000+00:00,-6.38867479685932,106.89854959256536,483.8194873477474,115.80650757166929,,,CarbonMapper API,True
Tanager,tan20250823t040443c73s4001-I,2025-08-23 04:04:43.730000+00:00,-6.348266323329597,106.992839728921,,,,6A,CarbonMapper API,True
Tanager,tan20250823t035956c04s4001-A,2025-08-23 03:59:56.040000+00:00,13.741426076142872,109.1353254817526,521.5366861969233,160.68973321056242,,6A,CarbonMapper API,True
Tanager,tan20250823t035714c23s4001-A,2025-08-23 03:57:14.230000+00:00,22.410888397488407,113.9321327876824,2691.451398079691,477.72508577960537,,6A,CarbonMapper API,True
Tanager,tan20250823t035714c23s4001-B,2025-08-23 03:57:14.230000+00:00,22.41880027804001,113.9292318090914,2861.5241179934574,385.3340295338474,,6A,CarbonMapper API,True
Tanager,tan20250822t031119c76s4001-A,2025-08-22 03:11:19.760000+00:00,-5.17538201731999,119.49078295089237,832.0546413571747,398.4671767233732,,6A,CarbonMapper API,True
Tanager,tan20250820t042820c16s4001-A,2025-08-20 04:28:20.160000+00:00,5.414091988605975,100.62400679376152,1054.0431360988057,270.07050560654835,,6A,CarbonMapper API,True
Tanager,tan20250819t033432c67s4001-A,2025-08-19 03:34:32.670000+00:00,6.108418544459909,116.17634866388158,585.1887316863846,223.9211849757388,,6A,CarbonMapper API,True
Tanager,tan20250819t033432c67s4001-B,2025-08-19 03:34:32.670000+00:00,6.103690959209985,116.1743421526379,1140.146542346036,456.1260402756324,,1B2,CarbonMapper API,True
Tanager,tan20250816t035852c06s4001-A,2025-08-16 03:58:52.060000+00:00,13.740615863485786,109.1332243295837,,,,6A,CarbonMapper API,True
Tanager,tan20250812t033705c68s4001-A,2025-08-12 03:37:05.680000+00:00,-7.527390746360027,112.71219856319884,,,,other,CarbonMapper API,True
Tanager,tan20250811t041149c61s4001-A,2025-08-11 04:11:49.610000+00:00,10.966133394971038,106.44028573487088,990.9244108767735,195.9405344881604,,6A,CarbonMapper API,True
Tanager,tan20250811t041050c68s4001-A,2025-08-11 04:10:50.680000+00:00,16.039813570256698,108.14374837870533,630.0742753346763,437.00735633627664,,6A,CarbonMapper API,True
Tanager,tan20250805t033610c58s4001-A,2025-08-05 03:36:10.580000+00:00,-7.550661866823688,112.76398984386468,,,,6A,CarbonMapper API,True
Tanager,tan20250803t031625c33s4001-A,2025-08-03 03:16:25.330000+00:00,14.689430804723386,121.16338769628476,2369.000453494844,441.308254809196,,6A,CarbonMapper API,True
Tanager,tan20250803t031625c33s4001-B,2025-08-03 03:16:25.330000+00:00,14.769222830601166,121.15786488952182,2581.945361736748,676.362141166505,,6A,CarbonMapper API,True
Tanager,tan20250803t031625c33s4001-C,2025-08-03 03:16:25.330000+00:00,14.77536910085412,121.1555276135448,2562.956781811185,658.805505980289,,6A,CarbonMapper API,True
Tanager,tan20250803t031625c33s4001-D,2025-08-03 03:16:25.330000+00:00,14.768007088130544,121.15603101455628,725.1584413505735,246.2111665878127,,6A,CarbonMapper API,True
Tanager,tan20250802t040201c53s4001-A,2025-08-02 04:02:01.530000+00:00,-6.34614074708216,106.99742478934849,2137.636875311533,306.6905080271482,,6A,CarbonMapper API,True
Tanager,tan20250802t040201c53s4001-B,2025-08-02 04:02:01.530000+00:00,-6.356900580707119,106.9956489207094,1317.439548663604,253.28325957132853,,6A,CarbonMapper API,True
Tanager,tan20250802t040201c53s4001-C,2025-08-02 04:02:01.530000+00:00,-6.351060444420824,107.01877594997364,400.9815999975911,159.48968507702065,,6A,CarbonMapper API,True
Tanager,tan20250802t040201c53s4001-E,2025-08-02 04:02:01.530000+00:00,-6.349696178332337,106.99592008237788,1787.1494172414143,303.3668427139898,,6A,CarbonMapper API,True
Tanager,tan20250802t040201c53s4001-J,2025-08-02 04:02:01.530000+00:00,-6.34866385306195,106.993556759334,8354.564530223819,825.3188231008667,,6A,CarbonMapper API,True
Tanager,tan20250802t040201c53s4001-K,2025-08-02 04:02:01.530000+00:00,-6.345707083562047,107.0004084493496,,,,6A,CarbonMapper API,True
Tanager,tan20250802t040201c53s4001-L,2025-08-02 04:02:01.530000+00:00,-6.346282942802276,107.00313508251396,,,,6A,CarbonMapper API,True
Tanager,tan20250801t043627c33s4001-A,2025-08-01 04:36:27.330000+00:00,13.582721776180264,100.67283304775816,429.8618495133188,71.64412049099175,,6A,CarbonMapper API,True
Tanager,tan20250730t042319c33s4001-A,2025-07-30 04:23:19.330000+00:00,11.48623000749332,104.88839171289624,,,,6A,CarbonMapper API,True
Tanager,tan20250730t025131c58s4001-A,2025-07-30 02:51:31.580000+00:00,7.149863769519513,125.55353042144304,1063.1677766765156,260.4628956380198,,6A,CarbonMapper API,True
Tanager,tan20250728t041231c13s4001-A,2025-07-28 04:12:31.130000+00:00,1.773370602618641,103.86265674333872,2407.6847448945045,332.5527295307014,,6A,CarbonMapper API,True
Tanager,tan20250713t031730c96s4001-A,2025-07-13 03:17:30.960000+00:00,0.723743124110698,117.65855030244109,,,,other,CarbonMapper API,True
Tanager,tan20250710t034559c23s4001-A,2025-07-10 03:45:59.230000+00:00,-7.020578663557274,107.90622856483924,,,,6A,CarbonMapper API,True
Tanager,tan20250709t042254c33s4001-A,2025-07-09 04:22:54.330000+00:00,3.189000479575148,101.36140127396854,2482.567869705624,621.8389478573757,,6A,CarbonMapper API,True
Tanager,tan20250709t042254c33s4001-C,2025-07-09 04:22:54.330000+00:00,3.397123911889437,101.41882786456974,164.1970242936202,84.36214709459422,,other,CarbonMapper API,True
Tanager,tan20250709t041828c55s4001-A,2025-07-09 04:18:28.550000+00:00,21.334382141366376,105.8346129299636,,,,6A,CarbonMapper API,True
Tanager,tan20250705t035824c33s4001-A,2025-07-05 03:58:24.330000+00:00,-6.567133918037229,106.64353325330808,702.1333954348202,400.50696363129504,,6A,CarbonMapper API,True
Tanager,tan20250705t035023c33s4001-A,2025-07-05 03:50:23.330000+00:00,23.26368205439327,113.48370020346728,165.632145452981,66.19432587861493,,6A,CarbonMapper API,True
Tanager,tan20250705t035023c33s4001-B,2025-07-05 03:50:23.330000+00:00,23.265338406784224,113.48022104161464,149.73753205787986,54.069286069258105,,6A,CarbonMapper API,True
Tanager,tan20250705t035023c33s4001-C,2025-07-05 03:50:23.330000+00:00,23.262379440911232,113.48078464944103,268.0786145278831,95.93251539492664,,6A,CarbonMapper API,True
Tanager,tan20250702t024744c58s4001-A,2025-07-02 02:47:44.580000+00:00,7.148974893437568,125.55351607726897,453.97296971114224,89.45876766210614,,6A,CarbonMapper API,True
Tanager,tan20250630t040558c33s4001-A,2025-06-30 04:05:58.330000+00:00,11.479625478331313,104.8896514316187,1014.4992825984956,367.31223582709663,,6A,CarbonMapper API,True
Tanager,tan20250630t040558c33s4001-B,2025-06-30 04:05:58.330000+00:00,11.484507700353644,104.88607357794268,2106.7563086748123,303.6331272683616,,6A,CarbonMapper API,True
Tanager,tan20250629t031759c58s4001-A,2025-06-29 03:17:59.580000+00:00,-8.72118799407535,115.21977615260982,,,,6A,CarbonMapper API,True
Tanager,tan20250629t031759c58s4001-B,2025-06-29 03:17:59.580000+00:00,-8.722823698616267,115.21929953818484,,,,6A,CarbonMapper API,True
Tanager,tan20250623t040354c58s4001-A,2025-06-23 04:03:54.580000+00:00,16.039543710989804,108.1431879691806,800.5158475869232,215.84273169973443,,6A,CarbonMapper API,True
Tanager,tan20250621t035600c58s4001-B,2025-06-21 03:56:00.580000+00:00,-6.351251994119309,107.01904597563056,997.7144283277016,156.67049936953393,,6A,CarbonMapper API,True
Tanager,tan20250621t035600c58s4001-D,2025-06-21 03:56:00.580000+00:00,-6.345597327230138,106.99582274052,,,,6A,CarbonMapper API,True
Tanager,tan20250621t035600c58s4001-E,2025-06-21 03:56:00.580000+00:00,-6.345824685708621,106.99779786596514,,,,6A,CarbonMapper API,True
Tanager,tan20250621t035600c58s4001-G,2025-06-21 03:56:00.580000+00:00,-6.347235539266805,107.00220025114044,,,,6A,CarbonMapper API,True
Tanager,tan20250621t035600c58s4001-I,2025-06-21 03:56:00.580000+00:00,-6.356807835901279,106.99500581391963,,,,6A,CarbonMapper API,True
Tanager,tan20250618t024529c58s4001-A,2025-06-18 02:45:29.580000+00:00,7.148937624424065,125.55314990665045,751.3393582034315,165.1369542046233,,6A,CarbonMapper API,True
Tanager,tan20250614t035459c18s4001-A,2025-06-14 03:54:59.180000+00:00,-6.345251079779729,106.99636877757727,6417.817250471267,1957.9483675450228,,6A,CarbonMapper API,True
Tanager,tan20250614t035459c18s4001-C,2025-06-14 03:54:59.180000+00:00,-6.349491234280279,106.99606381124892,,,,6A,CarbonMapper API,True
Tanager,tan20250614t035459c18s4001-E,2025-06-14 03:54:59.180000+00:00,-6.350829746320485,107.01854618517577,331.60417117454386,179.45650315978455,,6A,CarbonMapper API,True
Tanager,tan20250614t035459c18s4001-F,2025-06-14 03:54:59.180000+00:00,-6.356290093657151,106.99629323084054,,,,6A,CarbonMapper API,True
Tanager,tan20250614t035459c18s4001-G,2025-06-14 03:54:59.180000+00:00,-6.34916557775199,106.99276915098544,1265.0054083788184,570.9793916130145,,6A,CarbonMapper API,True
Tanager,tan20250612t034129c58s4001-A,2025-06-12 03:41:29.580000+00:00,-7.024238008133935,110.3571252383253,,,,6A,CarbonMapper API,True
Tanager,tan20250611t041831c36s4001-A,2025-06-11 04:18:31.360000+00:00,2.869739923381553,101.64441318318956,607.7548519139568,271.1216825779612,,6A,CarbonMapper API,True
Tanager,tan20250611t041831c36s4001-B,2025-06-11 04:18:31.360000+00:00,2.73209938776278,101.60339109131152,4026.2633234483214,933.5067185468472,,6A,CarbonMapper API,True
Tanager,tan20250611t041831c36s4001-C,2025-06-11 04:18:31.360000+00:00,2.733458570279034,101.6017762507137,,,,6A,CarbonMapper API,True
Tanager,tan20250611t041831c36s4001-D,2025-06-11 04:18:31.360000+00:00,2.731821789495657,101.60635639676526,,,,6A,CarbonMapper API,True
Tanager,tan20250610t032801c58s4001-A,2025-06-10 03:28:01.580000+00:00,-7.527374171069482,112.71176021226456,,,,other,CarbonMapper API,True
Tanager,tan20250609t040707c04s4001-A,2025-06-09 04:07:07.040000+00:00,-5.106540626487757,105.22624529370069,679.7086504733924,86.3786601752664,,other,CarbonMapper API,True
Tanager,tan20250609t040529c58s4001-A,2025-06-09 04:05:29.580000+00:00,1.659685803961608,103.71899028905602,1393.584265708923,346.0561733641194,,6A,CarbonMapper API,True
Tanager,tan20250609t040529c58s4001-B,2025-06-09 04:05:29.580000+00:00,1.660062936625124,103.71655916142733,,,,6A,CarbonMapper API,True
Tanager,tan20250607t034604c36s4001-A,2025-06-07 03:46:04.360000+00:00,22.417892927821296,113.93444761543104,2619.001055757204,724.2297285263102,,6A,CarbonMapper API,True
Tanager,tan20250607t034604c36s4001-F,2025-06-07 03:46:04.360000+00:00,22.410876761650503,113.93313526954792,872.5301150370526,311.20267162644785,,6A,CarbonMapper API,True
Tanager,tan20250606t030011c58s4001-A,2025-06-06 03:00:11.580000+00:00,-5.175560681871886,119.49061481135465,300.02328114076096,217.541013477212,,6A,CarbonMapper API,True
Tanager,tan20250606t030011c58s4001-B,2025-06-06 03:00:11.580000+00:00,-5.070996522101865,119.58029688455208,87.5026496913698,58.474361146910674,,6A,CarbonMapper API,True
Tanager,tan20250604t041710c58s4001-A,2025-06-04 04:17:10.580000+00:00,5.414510530952796,100.6242659503846,,,,6A,CarbonMapper API,True
Tanager,tan20250525t031347c58s4001-A,2025-05-25 03:13:47.580000+00:00,-8.722543543358768,115.22120237677098,,,,6A,CarbonMapper API,True
Tanager,tan20250522t033150c40s4001-A,2025-05-22 03:31:50.400000+00:00,22.54592851247503,114.17153225373188,1537.2917571700646,218.8368771187953,,6A,CarbonMapper API,True
Tanager,tan20250518t030556c00s4001-A,2025-05-18 03:05:56+00:00,14.690497524105012,121.16410099616974,,,,6A,CarbonMapper API,True
Tanager,tan20250518t030556c00s4001-B,2025-05-18 03:05:56+00:00,14.771849409955976,121.153212617593,1909.602037583939,726.3703300545393,,6A,CarbonMapper API,True
Tanager,tan20250518t030556c00s4001-C,2025-05-18 03:05:56+00:00,14.774886765999623,121.15461103128206,,,,6A,CarbonMapper API,True
Tanager,tan20250517t035130c00s4001-B,2025-05-17 03:51:30+00:00,-6.349070115673925,106.99776173618837,,,,6A,CarbonMapper API,True
Tanager,tan20250511t030934c00s4001-A,2025-05-11 03:09:34+00:00,-2.21928053452595,115.48416534355324,,,,1B1a,CarbonMapper API,True
Tanager,tan20250511t030613c00s4001-A,2025-05-11 03:06:13+00:00,10.708340217292417,122.52310923599843,828.1082865559024,280.93836833635186,,6A,CarbonMapper API,True
Tanager,tan20250511t030430c00s4001-A,2025-05-11 03:04:30+00:00,14.689243670978229,121.16435354734408,2617.263359505197,348.074387874646,,6A,CarbonMapper API,True
Tanager,tan20250509t042443c00s4001-A,2025-05-09 04:24:43+00:00,13.585227733604013,100.67137432433267,329.24136414177843,111.08698334960376,,6A,CarbonMapper API,True
Tanager,tan20250508t032900c00s4001-B,2025-05-08 03:29:00+00:00,22.42065776702602,113.931302179902,1342.969065154592,194.91072681180316,,6A,CarbonMapper API,True
Tanager,tan20250507t041347c00s4001-A,2025-05-07 04:13:47+00:00,3.186294902140602,101.35869722258776,6499.620599671016,1905.2392056754647,,6A,CarbonMapper API,True
Tanager,tan20250507t041347c00s4001-C,2025-05-07 04:13:47+00:00,3.395497591855752,101.41855398187325,657.8255724193702,373.5140675133904,,other,CarbonMapper API,True
Tanager,tan20250507t041347c00s4001-D,2025-05-07 04:13:47+00:00,3.191168665960219,101.3619458018249,,,,6A,CarbonMapper API,True
Tanager,tan20250506t045043c00s4001-A,2025-05-06 04:50:43+00:00,17.36187105730221,95.73856472045634,421.9764614806456,48.676930975859,,,CarbonMapper API,True
Tanager,tan20250506t045043c00s4001-B,2025-05-06 04:50:43+00:00,16.963777299348877,95.64478177941174,817.6928472187783,218.4469718137732,,1B2,CarbonMapper API,True
Tanager,tan20250503t034901c00s4001-A,2025-05-03 03:49:01+00:00,-6.346242243372118,106.99734030182503,2611.668963608918,305.09684530035764,,6A,CarbonMapper API,True
Tanager,tan20250503t034901c00s4001-C,2025-05-03 03:49:01+00:00,-6.35132909201883,107.0196007678722,1608.7531336784364,210.62207410685943,,6A,CarbonMapper API,True
Tanager,tan20250427t030250c00s4001-A,2025-04-27 03:02:50+00:00,14.689752741767514,121.164186697797,,,,6A,CarbonMapper API,True
Tanager,tan20250427t030250c00s4001-B,2025-04-27 03:02:50+00:00,14.769117107707917,121.15488456302585,4226.99439993611,716.9047798218153,,6A,CarbonMapper API,True
Tanager,tan20250427t030250c00s4001-C,2025-04-27 03:02:50+00:00,14.77262805059776,121.1531831398761,2268.5532848762737,464.1338971696181,,6A,CarbonMapper API,True
Tanager,tan20250422t044821c00s4001-A,2025-04-22 04:48:21+00:00,16.920865166212963,96.1856479204392,259.8509525968915,79.62843606714718,,6A,CarbonMapper API,True
Tanager,tan20250422t044821c00s4001-B,2025-04-22 04:48:21+00:00,16.91896527339788,96.1853947228048,173.1492028208006,65.96936748138108,,6A,CarbonMapper API,True
Tanager,tan20250420t030853c00s4001-A,2025-04-20 03:08:53+00:00,-8.722235067996337,115.22247229598035,,,,6A,CarbonMapper API,True
Tanager,tan20250420t030156c00s4001-A,2025-04-20 03:01:56+00:00,14.688935021913782,121.16363647323251,633.0678424040477,137.72190594480566,,6A,CarbonMapper API,True
Tanager,tan20250420t030156c00s4001-B,2025-04-20 03:01:56+00:00,14.768565998195154,121.15377470949863,,,,6A,CarbonMapper API,True
Tanager,tan20250420t030156c00s4001-C,2025-04-20 03:01:56+00:00,14.768590481731511,121.1568393923354,,,,6A,CarbonMapper API,True
Tanager,tan20250420t030156c00s4001-D,2025-04-20 03:01:56+00:00,14.768339381954611,121.15934914669374,,,,6A,CarbonMapper API,True
Tanager,tan20250419t034721c00s4001-A,2025-04-19 03:47:21+00:00,-6.344617012686845,106.99679185865868,,,,6A,CarbonMapper API,True
Tanager,tan20250419t034721c00s4001-B,2025-04-19 03:47:21+00:00,-6.349223572446341,106.99789397829916,,,,6A,CarbonMapper API,True
Tanager,tan20250419t034721c00s4001-C,2025-04-19 03:47:21+00:00,-6.357494343622633,106.99876505002078,,,,6A,CarbonMapper API,True
Tanager,tan20250417t033233c00s4001-A,2025-04-17 03:32:33+00:00,1.715226842216452,111.4280798019131,,,,other,CarbonMapper API,True
Tanager,tan20250416t041119c00s4001-A,2025-04-16 04:11:19+00:00,2.730741381832561,101.60446667538064,1657.580748995145,544.4089773564707,,6A,CarbonMapper API,True
Tanager,tan20250416t041119c00s4001-B,2025-04-16 04:11:19+00:00,2.732099975371464,101.60312146455608,683.7516716820379,236.6016623934221,,6A,CarbonMapper API,True
Tanager,tan20250416t040627c00s4001-A,2025-04-16 04:06:27+00:00,21.33365507022144,105.83602688766206,1322.391285580159,318.64998539930565,,6A,CarbonMapper API,True
Tanager,tan20250413t030109c00s4001-A,2025-04-13 03:01:09+00:00,14.77561238497639,121.15343655557122,,,,6A,CarbonMapper API,True
Tanager,tan20250410t032526c00s4001-A,2025-04-10 03:25:26+00:00,22.546266051433648,114.17293595177684,1985.7072127074528,273.45221198435075,,6A,CarbonMapper API,True
Tanager,tan20250409t040802c00s4001-A,2025-04-09 04:08:02+00:00,11.486949604969372,104.88634767357424,,,,6A,CarbonMapper API,True
Tanager,tan20250409t040802c00s4001-B,2025-04-09 04:08:02+00:00,11.481252609580103,104.88772530653009,283.93570749532614,66.20548748184869,,6A,CarbonMapper API,True
Tanager,tan20250407t035451c00s4001-A,2025-04-07 03:54:51+00:00,10.66423705846328,106.66643694390248,5187.846540662977,923.6269690989328,,6A,CarbonMapper API,True
Tanager,tan20250407t035451c00s4001-B,2025-04-07 03:54:51+00:00,10.66664136669209,106.67330508620732,,,,6A,CarbonMapper API,True
Tanager,tan20250405t034554c00s4001-A,2025-04-05 03:45:54+00:00,-6.566398348944944,106.64432246420438,,,,6A,CarbonMapper API,True
Tanager,tan20250405t034554c00s4001-B,2025-04-05 03:45:54+00:00,-6.423190687546395,106.78831585619275,1304.8346202820535,220.68576411882577,,6A,CarbonMapper API,True
Tanager,tan20250405t034554c00s4001-C,2025-04-05 03:45:54+00:00,-6.327061207189445,106.66335758866518,756.4106264232117,249.82151071919665,,6A,CarbonMapper API,True
Tanager,tan20250403t032440c00s4001-A,2025-04-03 03:24:40+00:00,22.546420639758963,114.17285431870414,9937.796080744163,1577.378564684505,,6A,CarbonMapper API,True
Tanager,tan20250322t034407c00s4001-A,2025-03-22 03:44:07+00:00,-6.34539935131825,106.99792562229312,,,,6A,CarbonMapper API,True
Tanager,tan20250320t032304c00s4001-A,2025-03-20 03:23:04+00:00,22.420917860136377,113.9318901130412,2252.033940900086,505.4837787973328,,6A,CarbonMapper API,True
Tanager,tan20250319t040536c00s4001-A,2025-03-19 04:05:36+00:00,11.478268714992582,104.88910182382917,1915.2992629508171,385.44994313655405,,6A,CarbonMapper API,True
Tanager,tan20250319t040536c00s4001-B,2025-03-19 04:05:36+00:00,11.484507376954715,104.88524835752428,785.6127491195996,96.85520764316492,,6A,CarbonMapper API,True
Tanager,tan20250319t040536c00s4001-C,2025-03-19 04:05:36+00:00,11.483422990732835,104.88744937568204,1035.9038739030557,227.7375308325161,,6A,CarbonMapper API,True
Tanager,tan20250315t034100c00s4001-A,2025-03-15 03:41:00+00:00,1.379078326352214,110.34274593358646,,,,6A,CarbonMapper API,True
Tanager,tan20250315t034100c00s4001-B,2025-03-15 03:41:00+00:00,1.376091563990101,110.34703725074706,,,,6A,CarbonMapper API,True
Tanager,tan20250315t033841c00s4001-A,2025-03-15 03:38:41+00:00,13.741551414752706,109.1333429398855,538.6365245183308,211.76467721872768,,6A,CarbonMapper API,True
Tanager,tan20250310t035131c00s4001-A,2025-03-10 03:51:31+00:00,10.66342342661492,106.66643251549996,1923.6168836112372,469.05404796615824,,6A,CarbonMapper API,True
Tanager,tan20250308t034218c00s4001-A,2025-03-08 03:42:18+00:00,-6.34486206313746,107.00357006693874,,,,6A,CarbonMapper API,True
Tanager,tan20250304t031537c00s4001-B,2025-03-04 03:15:37+00:00,-7.527361032778941,112.7118039301846,,,,other,CarbonMapper API,True
Tanager,tan20250302t025947c00s4001-A,2025-03-02 02:59:47+00:00,0.724552919919191,117.6578764470292,505.0913454805102,178.26258576996923,,other,CarbonMapper API,True
Tanager,tan20250225t031308c00s4001-A,2025-02-25 03:13:08+00:00,-2.219595225325151,115.4841276553725,288.8324737868129,241.03971827885343,,1B1a,CarbonMapper API,True
Tanager,tan20250223t025452c00s4001-A,2025-02-23 02:54:52+00:00,14.770468158033912,121.1543159026974,2527.8861872922807,564.0363772139181,,6A,CarbonMapper API,True
Tanager,tan20250223t025452c00s4001-B,2025-02-23 02:54:52+00:00,14.68975053808173,121.16390818901164,,,,6A,CarbonMapper API,True
Tanager,tan20250219t023037c00s4001-A,2025-02-19 02:30:37+00:00,7.149160422189681,125.55269345064954,516.9716060750278,158.36725329467686,,6A,CarbonMapper API,True
Tanager,tan20250217t034814c00s4001-A,2025-02-17 03:48:14+00:00,10.66521436198012,106.66802510980256,,,,6A,CarbonMapper API,True
Tanager,tan20250215t033949c00s4001-A,2025-02-15 03:39:49+00:00,-6.345565127869691,106.9982225359156,,,,6A,CarbonMapper API,True
Tanager,tan20250215t033949c00s4001-B,2025-02-15 03:39:49+00:00,-6.349758200012147,107.0208919508749,,,,6A,CarbonMapper API,True
Tanager,tan20250215t033949c00s4001-C,2025-02-15 03:39:49+00:00,-6.347914522233708,106.99943149965156,,,,6A,CarbonMapper API,True
Tanager,tan20250205t040403c00s4001-A,2025-02-05 04:04:03+00:00,11.484631193824796,104.88484911908336,1568.696737355656,482.4174897740277,,6A,CarbonMapper API,True
Tanager,tan20250205t040403c00s4001-B,2025-02-05 04:04:03+00:00,11.478772109510388,104.88816771845302,1608.598392539554,244.96267888589855,,6A,CarbonMapper API,True
Tanager,tan20250205t040403c00s4001-C,2025-02-05 04:04:03+00:00,11.483980898718356,104.88633844262785,,,,6A,CarbonMapper API,True
Tanager,tan20250205t023102c00s4001-A,2025-02-05 02:31:02+00:00,10.415934672882784,123.92122278181586,782.5405525438713,166.89225854675166,,6A,CarbonMapper API,True
Tanager,tan20250202t025751c00s4001-A,2025-02-02 02:57:51+00:00,14.774336346364905,121.1561091325355,,,,6A,CarbonMapper API,True
Tanager,tan20250202t025751c00s4001-B,2025-02-02 02:57:51+00:00,14.689258746622729,121.1644399541854,1043.9268802360252,328.4261143082076,,6A,CarbonMapper API,True
Tanager,tan20250131t041801c00s4001-A,2025-01-31 04:18:01+00:00,13.584741268104937,100.67125735843833,1593.6892643769584,969.116740068388,,6A,CarbonMapper API,True
Tanager,tan20250129t040523c00s4001-A,2025-01-29 04:05:23+00:00,14.010801482231583,100.31687808163775,,,,6A,CarbonMapper API,True
Tanager,tan20250129t040523c00s4001-B,2025-01-29 04:05:23+00:00,14.006220691010752,100.31851864673706,,,,6A,CarbonMapper API,True
Tanager,tan20250126t025942c00s4001-A,2025-01-26 02:59:42+00:00,14.772584174520262,121.1534898262418,4975.578243414561,885.4911421239538,,6A,CarbonMapper API,True
Tanager,tan20250103t041216c00s4001-A,2025-01-03 04:12:16+00:00,14.053358453419705,99.96083389898696,3181.4461924301254,923.2449373370528,,6A,CarbonMapper API,True
Tanager,tan20250103t041216c00s4001-B,2025-01-03 04:12:16+00:00,14.057043964083933,99.97242231930358,1216.3736193751297,223.22388777584015,,6A,CarbonMapper API,True
Tanager,tan20241231t042918c00s4001-A,2024-12-31 04:29:18+00:00,16.894687556598114,96.02434489324452,,,,6A,CarbonMapper API,True
Tanager,tan20241219t040749c00s4001-A,2024-12-19 04:07:49+00:00,13.579674222166773,100.67041717008436,1750.213330079008,270.7650185741239,,6A,CarbonMapper API,True
Tanager,tan20241026t025418c00s4001-A,2024-10-26 02:54:18+00:00,-7.52770536436698,112.71196637571484,,,,other,CarbonMapper API,True
EMIT (NASA),EMIT_L2B_CH4PLM_002_20230126T062716_000587,2023-01-26 06:27:16+00:00,13.571750843373492,100.66044795180724,,,5612.0,unknown,NASA LP DAAC EMITL2BCH4PLM.002 (CH4PLMMETA JSON),False
EMIT (NASA),EMIT_L2B_CH4PLM_002_20230225T050608_000721,2023-02-25 05:06:08+00:00,14.049772987012991,99.9650633766234,932.418,124.3962,3806.0,unknown,NASA LP DAAC EMITL2BCH4PLM.002 (CH4PLMMETA JSON),False
EMIT (NASA),EMIT_L2B_CH4PLM_002_20230225T050619_000722,2023-02-25 05:06:19+00:00,13.620617407407408,100.5573677777778,,,3164.0,unknown,NASA LP DAAC EMITL2BCH4PLM.002 (CH4PLMMETA JSON),False
EMIT (NASA),EMIT_L2B_CH4PLM_002_20230225T050619_000723,2023-02-25 05:06:19+00:00,13.578681714285716,100.66920371428571,,,2405.0,unknown,NASA LP DAAC EMITL2BCH4PLM.002 (CH4PLMMETA JSON),False
EMIT (NASA),EMIT_L2B_CH4PLM_002_20230424T060859_000857,2023-04-24 06:08:59+00:00,14.04809074074074,99.96656790123455,,,2656.0,unknown,NASA LP DAAC EMITL2BCH4PLM.002 (CH4PLMMETA JSON),False
EMIT (NASA),EMIT_L2B_CH4PLM_002_20231107T005349_001918,2023-11-07 00:53:49+00:00,-6.5446310650887565,106.66497165680472,,,4870.0,unknown,NASA LP DAAC EMITL2BCH4PLM.002 (CH4PLMMETA JSON),False
EMIT (NASA),EMIT_L2B_CH4PLM_002_20240129T042245_002569,2024-01-29 04:22:45+00:00,11.467520148148148,104.86693111111111,,,5220.0,unknown,NASA LP DAAC EMITL2BCH4PLM.002 (CH4PLMMETA JSON),False
EMIT (NASA),EMIT_L2B_CH4PLM_002_20240823T051729_003475,2024-08-23 05:17:29+00:00,13.582026699029132,100.68237417475729,,,2556.0,unknown,NASA LP DAAC EMITL2BCH4PLM.002 (CH4PLMMETA JSON),False
EMIT (CarbonMapper),emi20250920t051048p04003-A,2025-09-20 05:10:48+00:00,-7.526733624871909,112.70905409975512,,,,other,CarbonMapper API,True
EMIT (CarbonMapper),emi20250830t023147p01013-A,2025-08-30 02:31:47+00:00,3.188845487822476,101.35737542822932,8894.168676165245,3997.073230544704,,6A,CarbonMapper API,True
EMIT (CarbonMapper),emi20250830t023147p01013-B,2025-08-30 02:31:47+00:00,3.489195928757226,101.47373336158478,2510.267128039592,1525.524068743876,,6A,CarbonMapper API,True
EMIT (CarbonMapper),emi20250826t041241p02036-A,2025-08-26 04:12:41+00:00,-6.800182728091599,107.3470318555474,972.5012102279286,351.5722353168821,,6A,CarbonMapper API,True
EMIT (CarbonMapper),emi20250218t060155p04034-A,2025-02-18 06:01:55+00:00,15.14896002976252,105.05029019052876,,,,other,CarbonMapper API,True
EMIT (CarbonMapper),emi20250217t065009p05036-A,2025-02-17 06:50:09+00:00,14.057993390463524,99.9619118116089,,,,6A,CarbonMapper API,True
EMIT (CarbonMapper),emi20250213t082615p06026-A,2025-02-13 08:26:15+00:00,16.89466127244934,96.02452678169476,914.2227231453307,462.1241999679385,,6A,CarbonMapper API,True
EMIT (CarbonMapper),emi20250213t082615p06026-B,2025-02-13 08:26:15+00:00,16.91685991893739,96.18648879998808,,,,6A,CarbonMapper API,True
EMIT (CarbonMapper),emi20250202t010155p01009-A,2025-02-02 01:01:55+00:00,15.297852954828016,120.52096191622172,3870.6232797376415,877.4684219644014,,6A,CarbonMapper API,True
EMIT (CarbonMapper),emi20250126t050409p04009-A,2025-01-26 05:04:09+00:00,14.057756437339492,99.96184644073662,,,,6A,CarbonMapper API,True
EMIT (CarbonMapper),emi20250125t055258p04011-A,2025-01-25 05:52:58+00:00,16.89514610623229,96.0245254167437,670.8790216746484,291.0236549373874,,6A,CarbonMapper API,True
EMIT (CarbonMapper),emi20250125t055258p04011-B,2025-01-25 05:52:58+00:00,16.91857618431102,96.18495268923972,624.009512405634,187.7276578426633,,6A,CarbonMapper API,True
EMIT (CarbonMapper),emi20241219t063305p04012-A,2024-12-19 06:33:05+00:00,13.57936799402968,100.67071300157772,,,,6A,CarbonMapper API,True
EMIT (CarbonMapper),emi20241219t063253p04011-A,2024-12-19 06:32:53+00:00,14.0531941214809,99.96127225399675,4584.030922378851,1342.3031632767652,,6A,CarbonMapper API,True
EMIT (CarbonMapper),emi20241202t022601p02010-A,2024-12-02 02:26:01+00:00,11.484067085766624,104.88572119663752,1580.927403538527,855.0903823314555,,6A,CarbonMapper API,True
EMIT (CarbonMapper),emi20241127t045106p04010-A,2024-11-27 04:51:06+00:00,14.056368524102323,99.96104153735467,2504.2036620223366,997.581294779542,,6A,CarbonMapper API,True
EMIT (CarbonMapper),emi20241024t044504p03030-A,2024-10-24 04:45:04+00:00,13.579477390396434,100.670855414845,1400.8038954005135,799.9618535950863,,6A,CarbonMapper API,True
EMIT (CarbonMapper),emi20241024t044504p03030-B,2024-10-24 04:45:04+00:00,13.732814783145258,100.9861427861548,1495.7051635486034,516.2253307349781,,6A,CarbonMapper API,True
EMIT (CarbonMapper),emi20240802t024351p02002-A,2024-08-02 02:43:51+00:00,22.54693459460968,114.1724757959397,,,,6A,CarbonMapper API,False
EMIT (CarbonMapper),emi20240615t083425p06019-A,2024-06-15 08:34:25+00:00,14.059606026880717,99.96531084459308,1550.432878931685,502.2965084822123,,6A,CarbonMapper API,False
EMIT (CarbonMapper),emi20240429t030438p02038-A,2024-04-29 03:04:38+00:00,10.665388810491748,106.67039969131588,,,,6A,CarbonMapper API,False
EMIT (CarbonMapper),emi20240426t035431p03032-A,2024-04-26 03:54:31+00:00,13.742614444075173,109.13399817883698,1314.670801661274,843.965034344309,,6A,CarbonMapper API,False
EMIT (CarbonMapper),emi20240417t080011p05030-A,2024-04-17 08:00:11+00:00,14.05820850688808,99.96208667354983,2132.0886571290807,1195.0127825034708,,6A,CarbonMapper API,False
EMIT (CarbonMapper),emi20240323t065641p05002-A,2024-03-23 06:56:41+00:00,11.48844818841927,104.88571560749648,,,,6A,CarbonMapper API,False
EMIT (CarbonMapper),emi20240322t074401p05002-A,2024-03-22 07:44:01+00:00,13.5847052973685,100.671364739461,4340.360148643227,1913.745910819208,,6A,CarbonMapper API,False
EMIT (CarbonMapper),emi20240223t052749p04022-A,2024-02-23 05:27:49+00:00,16.92078112889459,96.18379081294472,239.05161072289116,117.34968547296032,,6A,CarbonMapper API,False
EMIT (CarbonMapper),emi20240216t075630p05016-A,2024-02-16 07:56:30+00:00,11.48730472410675,104.88189787883248,2512.3431029257554,523.2288436238924,,6A,CarbonMapper API,False
EMIT (CarbonMapper),emi20240205t020120p02004-A,2024-02-05 02:01:20+00:00,13.767723682738506,101.40333043334266,279.8290913034779,157.5469537946866,,6A,CarbonMapper API,False
EMIT (CarbonMapper),emi20240205t020108p02003-A,2024-02-05 02:01:08+00:00,13.584323787250185,100.67244101840625,3100.607500819799,1000.9617476876392,,6A,CarbonMapper API,False
EMIT (CarbonMapper),emi20240202t025201p02005-A,2024-02-02 02:52:01+00:00,22.41996841347047,113.93374264970288,3562.938536703463,1060.2076303804756,,6A,CarbonMapper API,False
EMIT (CarbonMapper),emi20240202t025201p02005-B,2024-02-02 02:52:01+00:00,22.54702509590089,114.17286776076185,,,,6A,CarbonMapper API,False
EMIT (CarbonMapper),emi20240129t042245p03004-A,2024-01-29 04:22:45+00:00,11.484075050053208,104.88291219445932,,,,6A,CarbonMapper API,False
EMIT (CarbonMapper),emi20240123t073426p05002-A,2024-01-23 07:34:26+00:00,16.89658302193746,96.0217399229836,,,,6A,CarbonMapper API,False
EMIT (CarbonMapper),emi20240104t013445p01003-A,2024-01-04 01:34:45+00:00,-7.548284683378498,112.7628556910796,917.0471382531484,556.6113703105124,,6A,CarbonMapper API,False
EMIT (CarbonMapper),emi20231220t070703p05015-B,2023-12-20 07:07:03+00:00,13.58173459260722,100.67026520226722,1767.7369681888283,434.1346170744178,,6A,CarbonMapper API,False
EMIT (CarbonMapper),emi20231220t070651p05014-A,2023-12-20 07:06:51+00:00,14.055903228531278,99.96219044192634,,,,6A,CarbonMapper API,False
EMIT (CarbonMapper),emi20231220t070651p05014-B,2023-12-20 07:06:51+00:00,14.056901739854894,99.97362074579792,1857.2897416632445,1208.4102276462695,,6A,CarbonMapper API,False
EMIT (CarbonMapper),emi20231107t005349p01003-A,2023-11-07 00:53:49+00:00,-6.566336598730658,106.64444518484156,1111.2082791847197,403.61960331766574,,6A,CarbonMapper API,False
EMIT (CarbonMapper),emi20231107t005349p01003-B,2023-11-07 00:53:49+00:00,-6.135028186634798,106.616814983376,582.8262172061959,282.34583076910445,,6A,CarbonMapper API,False
EMIT (CarbonMapper),emi20231107t005349p01003-D,2023-11-07 00:53:49+00:00,-6.139810688800182,106.08761881209996,,,,6A,CarbonMapper API,False
EMIT (CarbonMapper),emi20230921t074856p05002-C,2023-09-21 07:48:56+00:00,22.421047080502177,113.93333537476012,,,,6A,CarbonMapper API,False
EMIT (CarbonMapper),emi20230903t022517p02001-A,2023-09-03 02:25:17+00:00,3.185124086531602,101.356172107576,,,,6A,CarbonMapper API,False
EMIT (CarbonMapper),emi20230623t045729p03032-A,2023-06-23 04:57:29+00:00,14.701147974932738,120.91905618004432,858.4027749805232,206.05299096675,,6A,CarbonMapper API,False
EMIT (CarbonMapper),emi20230623t045717p03031-A,2023-06-23 04:57:17+00:00,15.29821588325683,120.52138456106763,,,,6A,CarbonMapper API,False
EMIT (CarbonMapper),emi20230424t060911p04036-A,2023-04-24 06:09:11+00:00,13.583448528537572,100.67473183387408,,,,6A,CarbonMapper API,False
EMIT (CarbonMapper),emi20230424t060859p04035-A,2023-04-24 06:08:59+00:00,14.056114626124412,99.9628844275524,,,,6A,CarbonMapper API,False
EMIT (CarbonMapper),emi20230405t015446p02002-A,2023-04-05 01:54:46+00:00,14.694343096327202,121.16561477781728,,,,6A,CarbonMapper API,False
EMIT (CarbonMapper),emi20230405t015446p02002-B,2023-04-05 01:54:46+00:00,14.77738611282794,121.15600657490955,,,,6A,CarbonMapper API,False
EMIT (CarbonMapper),emi20230301t033102p02009-A,2023-03-01 03:31:02+00:00,16.6794998105765,98.46710222750112,,,,6A,CarbonMapper API,False
EMIT (CarbonMapper),emi20230225t050619p03020-C,2023-02-25 05:06:19+00:00,13.5813891852234,100.66981009134604,,,,6A,CarbonMapper API,False
EMIT (CarbonMapper),emi20230225t050619p03020-D,2023-02-25 05:06:19+00:00,14.057096721633116,99.97310977756666,3210.8122298690623,1124.1185171833567,,6A,CarbonMapper API,False
EMIT (CarbonMapper),emi20230225t050619p03020-E,2023-02-25 05:06:19+00:00,14.055507249114685,99.96362474917515,2194.5781417211524,943.4242975675236,,6A,CarbonMapper API,False
EMIT (CarbonMapper),emi20230126t062716p05002-B,2023-01-26 06:27:16+00:00,13.582702397800531,100.67017854414746,1853.4571131476744,600.4123917286859,,6A,CarbonMapper API,False
EMIT (CarbonMapper),emi20230122t080421p06002-B,2023-01-22 08:04:21+00:00,14.056824589201996,99.96163301406528,,,,6A,CarbonMapper API,False
TROPOMI (SRON),SRON_20241229T070029_0,2024-12-29 07:00:29+00:00,21.66,94.63,5000.0,2000.0,,,SRON Weekly Methane Plumes CSV (Schuit et al. 2023 method),True
TROPOMI (SRON),SRON_20241230T063919_1,2024-12-30 06:39:19+00:00,13.75,99.96,20000.0,7000.0,,,SRON Weekly Methane Plumes CSV (Schuit et al. 2023 method),True
TROPOMI (SRON),SRON_20250120T064809_2,2025-01-20 06:48:09+00:00,21.67,94.67,16000.0,5000.0,,,SRON Weekly Methane Plumes CSV (Schuit et al. 2023 method),True
TROPOMI (SRON),SRON_20250121T062743_3,2025-01-21 06:27:43+00:00,16.64,100.02,28000.0,10000.0,,,SRON Weekly Methane Plumes CSV (Schuit et al. 2023 method),True
TROPOMI (SRON),SRON_20250121T062933_4,2025-01-21 06:29:33+00:00,21.67,94.62,15000.0,6000.0,,,SRON Weekly Methane Plumes CSV (Schuit et al. 2023 method),True
TROPOMI (SRON),SRON_20250124T071311_5,2025-01-24 07:13:11+00:00,21.67,94.69,11000.0,7000.0,,,SRON Weekly Methane Plumes CSV (Schuit et al. 2023 method),True
TROPOMI (SRON),SRON_20250126T063320_6,2025-01-26 06:33:20+00:00,14.78,99.98,49000.0,19000.0,,,SRON Weekly Methane Plumes CSV (Schuit et al. 2023 method),True
TROPOMI (SRON),SRON_20250130T070036_7,2025-01-30 07:00:36+00:00,21.65,94.73,17000.0,9000.0,,,SRON Weekly Methane Plumes CSV (Schuit et al. 2023 method),True
TROPOMI (SRON),SRON_20250131T064155_8,2025-01-31 06:41:55+00:00,21.68,94.76,13000.0,6000.0,,,SRON Weekly Methane Plumes CSV (Schuit et al. 2023 method),True
TROPOMI (SRON),SRON_20250204T070709_9,2025-02-04 07:07:09+00:00,22.33,92.0,44000.0,16000.0,,,SRON Weekly Methane Plumes CSV (Schuit et al. 2023 method),True
TROPOMI (SRON),SRON_20250209T071305_10,2025-02-09 07:13:05+00:00,21.72,94.73,20000.0,10000.0,,,SRON Weekly Methane Plumes CSV (Schuit et al. 2023 method),True
TROPOMI (SRON),SRON_20250210T065413_11,2025-02-10 06:54:13+00:00,21.49,94.55,15000.0,6000.0,,,SRON Weekly Methane Plumes CSV (Schuit et al. 2023 method),True
TROPOMI (SRON),SRON_20250211T063259_12,2025-02-11 06:32:59+00:00,13.49,100.21,28000.0,13000.0,,,SRON Weekly Methane Plumes CSV (Schuit et al. 2023 method),True
TROPOMI (SRON),SRON_20250214T071920_13,2025-02-14 07:19:20+00:00,21.86,94.76,19000.0,9000.0,,,SRON Weekly Methane Plumes CSV (Schuit et al. 2023 method),True
TROPOMI (SRON),SRON_20250215T065806_14,2025-02-15 06:58:06+00:00,13.87,100.01,9000.0,3000.0,,,SRON Weekly Methane Plumes CSV (Schuit et al. 2023 method),True
TROPOMI (SRON),SRON_20250307T072524_15,2025-03-07 07:25:24+00:00,22.1,92.02,61000.0,34000.0,,,SRON Weekly Methane Plumes CSV (Schuit et al. 2023 method),True
TROPOMI (SRON),SRON_20250320T064000_16,2025-03-20 06:40:00+00:00,17.05,96.06,16000.0,6000.0,,,SRON Weekly Methane Plumes CSV (Schuit et al. 2023 method),True
TROPOMI (SRON),SRON_20250320T064124_17,2025-03-20 06:41:24+00:00,21.65,94.63,9000.0,4000.0,,,SRON Weekly Methane Plumes CSV (Schuit et al. 2023 method),True
TROPOMI (SRON),SRON_20251130T070224_18,2025-11-30 07:02:24+00:00,13.64,101.49,10000.0,5000.0,,,SRON Weekly Methane Plumes CSV (Schuit et al. 2023 method),True
TROPOMI (SRON),SRON_20260118T064723_19,2026-01-18 06:47:23+00:00,21.63,94.71,20000.0,8000.0,,,SRON Weekly Methane Plumes CSV (Schuit et al. 2023 method),True
TROPOMI (SRON),SRON_20260128T065957_20,2026-01-28 06:59:57+00:00,21.68,94.71,10000.0,4000.0,,,SRON Weekly Methane Plumes CSV (Schuit et al. 2023 method),True
TROPOMI (SRON),SRON_20260129T064120_21,2026-01-29 06:41:20+00:00,21.6,94.59,12000.0,4000.0,,,SRON Weekly Methane Plumes CSV (Schuit et al. 2023 method),True
TROPOMI (SRON),SRON_20260207T071108_22,2026-02-07 07:11:08+00:00,16.75,95.9,9000.0,3000.0,,,SRON Weekly Methane Plumes CSV (Schuit et al. 2023 method),True
TROPOMI (SRON),SRON_20260207T071233_23,2026-02-07 07:12:33+00:00,21.71,94.69,23000.0,9000.0,,,SRON Weekly Methane Plumes CSV (Schuit et al. 2023 method),True
TROPOMI (SRON),SRON_20260208T065228_24,2026-02-08 06:52:28+00:00,17.05,95.98,33000.0,21000.0,,,SRON Weekly Methane Plumes CSV (Schuit et al. 2023 method),True
TROPOMI (SRON),SRON_20260208T065349_25,2026-02-08 06:53:49+00:00,21.87,94.73,15000.0,7000.0,,,SRON Weekly Methane Plumes CSV (Schuit et al. 2023 method),True
TROPOMI (SRON),SRON_20260211T073749_26,2026-02-11 07:37:49+00:00,21.66,94.7,17000.0,10000.0,,,SRON Weekly Methane Plumes CSV (Schuit et al. 2023 method),True
TROPOMI (SRON),SRON_20260214T064124_27,2026-02-14 06:41:24+00:00,21.58,94.67,20000.0,8000.0,,,SRON Weekly Methane Plumes CSV (Schuit et al. 2023 method),True
TROPOMI (SRON),SRON_20260402T070105_28,2026-04-02 07:01:05+00:00,21.6,94.92,17000.0,6000.0,,,SRON Weekly Methane Plumes CSV (Schuit et al. 2023 method),True
TROPOMI (SRON),SRON_20260412T071400_29,2026-04-12 07:14:00+00:00,21.6,94.69,8000.0,3000.0,,,SRON Weekly Methane Plumes CSV (Schuit et al. 2023 method),True
GHGSat (open sample),GHGSat_site39_20211004,2021-10-04 02:10:47+00:00,23.26379742,113.48218468,6437.353936762809,3267.4737114119616,,,GHGSat open Zenodo release (2021-2022),False
GHGSat (open sample),GHGSat_site40_20211108,2021-11-08 03:00:03+00:00,22.54594829,114.17103003,10049.022846248085,2594.08465305013,,,GHGSat open Zenodo release (2021-2022),False
GHGSat (open sample),GHGSat_site40_20211126,2021-11-26 02:08:05+00:00,22.54672,114.16968,31894.36774683525,13848.093887672516,,,GHGSat open Zenodo release (2021-2022),False
GHGSat (open sample),GHGSat_site40_20211203,2021-12-03 02:54:22+00:00,22.53937061,114.16737497,11549.595899268066,4206.562447765142,,,GHGSat open Zenodo release (2021-2022),False
GHGSat (open sample),GHGSat_site40_20211209,2021-12-09 02:56:33+00:00,22.55113726,114.16857719,9203.004554624136,4122.1295250685525,,,GHGSat open Zenodo release (2021-2022),False
GHGSat (open sample),GHGSat_site40_20220912,2022-09-12 05:52:23+00:00,22.54431052,114.1750263,1803.586499091143,826.0495094101377,,,GHGSat open Zenodo release (2021-2022),False
GHGSat (open sample),GHGSat_site40_20220912,2022-09-12 05:52:23+00:00,22.54597173,114.17135574,5691.69483405026,2615.4083585663,,,GHGSat open Zenodo release (2021-2022),False
GHGSat (open sample),GHGSat_site40_20221026,2022-10-26 05:50:33+00:00,22.54299354,114.16974836,6432.330813435001,2942.587671167684,,,GHGSat open Zenodo release (2021-2022),False
GHGSat (open sample),GHGSat_site40_20221027,2022-10-27 01:44:45+00:00,22.54635203,114.16886895,3994.623883217602,1810.215425374558,,,GHGSat open Zenodo release (2021-2022),False
GHGSat (open sample),GHGSat_site40_20221027,2022-10-27 05:39:38+00:00,22.54554506,114.16806624,5794.280027570148,3221.2597594001786,,,GHGSat open Zenodo release (2021-2022),False
GHGSat (open sample),GHGSat_site40_20221209,2022-12-09 01:56:38+00:00,22.54496553,114.16995287,18131.60856074299,6671.522451398658,,,GHGSat open Zenodo release (2021-2022),False
GHGSat (open sample),GHGSat_site40_20221223,2022-12-23 05:39:08+00:00,22.54438991,114.17031515,4836.12084692282,2285.3205649713336,,,GHGSat open Zenodo release (2021-2022),False
GHGSat (open sample),GHGSat_site40_20221229,2022-12-29 05:40:18+00:00,22.54481,114.17201,5697.056950592886,2154.929293970274,,,GHGSat open Zenodo release (2021-2022),False
GHGSat (open sample),GHGSat_site40_20221231,2022-12-31 05:42:14+00:00,22.54386267,114.16929594,4887.801634078885,2227.07268079816,,,GHGSat open Zenodo release (2021-2022),False
GHGSat (open sample),GHGSat_site41_20211114,2021-11-14 03:02:39+00:00,22.41842459,113.93263194,4626.490507954307,1970.8285597159395,,,GHGSat open Zenodo release (2021-2022),False
GHGSat (open sample),GHGSat_site41_20220304,2022-03-04 02:55:54+00:00,22.4176,113.9334,15106.5558620186,10623.24804770857,,,GHGSat open Zenodo release (2021-2022),False
GHGSat (open sample),GHGSat_site41_20220623,2022-06-23 05:45:44+00:00,22.4174371,113.93272065,4965.995897179805,1960.751287219264,,,GHGSat open Zenodo release (2021-2022),False
GHGSat (open sample),GHGSat_site41_20220726,2022-07-26 01:57:45+00:00,22.42330422,113.93771733,3717.296385489631,1697.6354556865294,,,GHGSat open Zenodo release (2021-2022),False
GHGSat (open sample),GHGSat_site41_20220728,2022-07-28 05:48:32+00:00,22.41692672,113.93329739,10123.01779398522,5709.249258262726,,,GHGSat open Zenodo release (2021-2022),False
GHGSat (open sample),GHGSat_site41_20220823,2022-08-23 05:43:31+00:00,22.41710146,113.93144922,5696.525908753036,2971.536222407909,,,GHGSat open Zenodo release (2021-2022),False
GHGSat (open sample),GHGSat_site41_20220903,2022-09-03 05:53:14+00:00,22.417168,113.934122,10424.594446275878,3404.2613163413366,,,GHGSat open Zenodo release (2021-2022),False
GHGSat (open sample),GHGSat_site41_20220910,2022-09-10 05:53:31+00:00,22.41581895,113.93351623,13425.223214864176,5839.130074439679,,,GHGSat open Zenodo release (2021-2022),False
GHGSat (open sample),GHGSat_site41_20221011,2022-10-11 01:57:55+00:00,22.41700842,113.93172892,9039.672301855471,2948.5690523269946,,,GHGSat open Zenodo release (2021-2022),False
GHGSat (open sample),GHGSat_site41_20221014,2022-10-14 05:44:29+00:00,22.41840093,113.93355108,4824.190094103715,2220.4824173382044,,,GHGSat open Zenodo release (2021-2022),False
GHGSat (open sample),GHGSat_site41_20221113,2022-11-13 05:41:27+00:00,22.41482126,113.93228888,12328.418932208577,6496.477183971809,,,GHGSat open Zenodo release (2021-2022),False
GHGSat (open sample),GHGSat_site41_20221208,2022-12-08 05:46:29+00:00,22.41793659,113.93402194,8802.536232855513,3662.925535807775,,,GHGSat open Zenodo release (2021-2022),False
GHGSat (open sample),GHGSat_site41_20221210,2022-12-10 01:43:39+00:00,22.41679937,113.93146233,7089.280504056103,2219.0031845538083,,,GHGSat open Zenodo release (2021-2022),False
GHGSat (open sample),GHGSat_site41_20221224,2022-12-24 01:48:30+00:00,22.41850842,113.9327382,7153.272103437352,2518.299868133408,,,GHGSat open Zenodo release (2021-2022),False
GHGSat (open sample),GHGSat_site41_20221225,2022-12-25 05:43:14+00:00,22.41845981,113.93379077,5836.235614736566,3032.851473222657,,,GHGSat open Zenodo release (2021-2022),False
GHGSat (open sample),GHGSat_site41_20221228,2022-12-28 05:51:45+00:00,22.41684627,113.93322015,6642.405130865466,2607.028696555178,,,GHGSat open Zenodo release (2021-2022),False
GHGSat (open sample),GHGSat_site41_20221231,2022-12-31 01:50:15+00:00,22.41744268,113.93224044,7386.780319754182,2454.891839705546,,,GHGSat open Zenodo release (2021-2022),False
GHGSat (open sample),GHGSat_site61_20220518,2022-05-18 01:36:43+00:00,-8.72373774,115.22225241,1117.8964369541654,502.1731604671981,,,GHGSat open Zenodo release (2021-2022),False
GHGSat (open sample),GHGSat_site61_20220518,2022-05-18 01:36:43+00:00,-8.72125285,115.22220852,776.4285545138594,357.0680345272792,,,GHGSat open Zenodo release (2021-2022),False
GHGSat (open sample),GHGSat_site98_20220723,2022-07-23 02:39:11+00:00,2.73269413,101.60382329,6938.669934374182,4183.042077897319,,,GHGSat open Zenodo release (2021-2022),False
GHGSat (open sample),GHGSat_site115_20211122,2021-11-22 02:54:01+00:00,14.05405725,99.97280273,4798.256300269472,2904.580341131581,,,GHGSat open Zenodo release (2021-2022),False
GHGSat (open sample),GHGSat_site115_20211122,2021-11-22 02:54:01+00:00,14.06620949,99.97663717,1522.7155622620262,924.2396768240573,,,GHGSat open Zenodo release (2021-2022),False
GHGSat (open sample),GHGSat_site115_20211227,2021-12-27 02:52:25+00:00,14.05659012,99.97204501,1441.5089945525328,563.3483496909909,,,GHGSat open Zenodo release (2021-2022),False
GHGSat (open sample),GHGSat_site115_20211227,2021-12-27 02:52:25+00:00,14.06861712,99.97800425,1113.9186049851571,447.8656184724404,,,GHGSat open Zenodo release (2021-2022),False
GHGSat (open sample),GHGSat_site115_20220223,2022-02-23 03:45:52+00:00,14.05497738,99.97201635,3238.4386282507,1315.2020180612565,,,GHGSat open Zenodo release (2021-2022),False
GHGSat (open sample),GHGSat_site115_20220914,2022-09-14 02:52:15+00:00,14.05764439,99.97227276,3336.8535677771038,1637.9178384674628,,,GHGSat open Zenodo release (2021-2022),False
GHGSat (open sample),GHGSat_site115_20220914,2022-09-14 02:52:15+00:00,14.06608449,99.97663576,1163.5850184461428,575.9308741216238,,,GHGSat open Zenodo release (2021-2022),False
GHGSat (open sample),GHGSat_site115_20221013,2022-10-13 03:39:55+00:00,14.05498049,99.96150433,1362.104404311288,540.5865329994078,,,GHGSat open Zenodo release (2021-2022),False
GHGSat (open sample),GHGSat_site115_20221013,2022-10-13 03:39:55+00:00,14.05612809,99.97190737,2447.9348661555177,971.0449014236036,,,GHGSat open Zenodo release (2021-2022),False
GHGSat (open sample),GHGSat_site115_20221013,2022-10-13 06:40:42+00:00,14.0567726,99.97307196,4776.821473984227,1718.7785438442736,,,GHGSat open Zenodo release (2021-2022),False
GHGSat (open sample),GHGSat_site115_20221018,2022-10-18 06:37:22+00:00,14.05752532,99.97216332,2017.216941069167,830.8062962101193,,,GHGSat open Zenodo release (2021-2022),False
GHGSat (open sample),GHGSat_site115_20221018,2022-10-18 06:37:22+00:00,14.06040687,99.96761287,814.0696785236104,347.65410487032364,,,GHGSat open Zenodo release (2021-2022),False
GHGSat (open sample),GHGSat_site115_20221103,2022-11-03 03:42:35+00:00,14.06857658,99.97522172,1647.41613638871,934.73141062305,,,GHGSat open Zenodo release (2021-2022),False
GHGSat (open sample),GHGSat_site115_20221103,2022-11-03 03:42:35+00:00,14.05588533,99.97270643,3310.92530683774,1875.3781864604143,,,GHGSat open Zenodo release (2021-2022),False
GHGSat (open sample),GHGSat_site115_20221104,2022-11-04 06:37:34+00:00,14.05659909,99.96429569,2381.83393067003,967.375151268029,,,GHGSat open Zenodo release (2021-2022),False
GHGSat (open sample),GHGSat_site115_20221108,2022-11-08 06:39:21+00:00,14.05568659,99.97214538,4823.11556975597,1821.5940969662229,,,GHGSat open Zenodo release (2021-2022),False
GHGSat (open sample),GHGSat_site115_20221204,2022-12-04 06:33:58+00:00,14.05639864,99.97237291,2155.728801834527,850.9321595413606,,,GHGSat open Zenodo release (2021-2022),False
GHGSat (open sample),GHGSat_site115_20221210,2022-12-10 06:34:58+00:00,14.05619401,99.97114514,528.8654110494612,402.3058633046447,,,GHGSat open Zenodo release (2021-2022),False
GHGSat (open sample),GHGSat_site115_20221210,2022-12-10 06:34:58+00:00,14.05595007,99.96351486,66.0707868443757,66.0707868443757,,,GHGSat open Zenodo release (2021-2022),False
GHGSat (open sample),GHGSat_site115_20221210,2022-12-10 06:34:58+00:00,14.06545737,99.97695793,66.6811174964831,66.6811174964831,,,GHGSat open Zenodo release (2021-2022),False
GHGSat (open sample),GHGSat_site115_20221216,2022-12-16 06:36:46+00:00,14.0567325,99.96480732,787.9273968828214,365.426927585139,,,GHGSat open Zenodo release (2021-2022),False
GHGSat (open sample),GHGSat_site115_20221216,2022-12-16 06:36:46+00:00,14.06870446,99.97784506,374.0767848434657,180.6820376638519,,,GHGSat open Zenodo release (2021-2022),False
GHGSat (open sample),GHGSat_site115_20221216,2022-12-16 06:36:46+00:00,14.05801618,99.97270219,1661.7122370739278,763.1696372567519,,,GHGSat open Zenodo release (2021-2022),False
GHGSat (open sample),GHGSat_site115_20221218,2022-12-18 06:38:40+00:00,14.05612,99.971907,3918.3409230244943,1009.5801140843616,,,GHGSat open Zenodo release (2021-2022),False
GHGSat (open sample),GHGSat_site115_20221221,2022-12-21 06:31:16+00:00,14.05374628,99.97290827,2135.274953189297,711.2107843595977,,,GHGSat open Zenodo release (2021-2022),False
GHGSat (open sample),GHGSat_site144_20220530,2022-05-30 02:18:30+00:00,16.04315691,108.14194196,1411.9486463689743,1037.653219568668,,,GHGSat open Zenodo release (2021-2022),False
GHGSat (open sample),GHGSat_site144_20220725,2022-07-25 02:11:41+00:00,16.04134478,108.14271528,2697.318097284678,1327.3464280548797,,,GHGSat open Zenodo release (2021-2022),False
GHGSat (open sample),GHGSat_site145_20221229,2022-12-29 06:08:24+00:00,10.66752343,106.67236797,6124.180820145145,3097.585626073378,,,GHGSat open Zenodo release (2021-2022),False
GHGSat (open sample),GHGSat_site146_20220802,2022-08-02 06:21:02+00:00,21.33578,105.83404,6378.110437083655,2889.3132489866853,,,GHGSat open Zenodo release (2021-2022),False
GHGSat (open sample),GHGSat_site146_20221024,2022-10-24 02:23:20+00:00,21.33640952,105.83472703,7863.311091023752,4246.229506020654,,,GHGSat open Zenodo release (2021-2022),False
GHGSat (open sample),GHGSat_site147_20220726,2022-07-26 06:24:21+00:00,21.12825447,105.42313484,5053.212474156295,2151.943193744526,,,GHGSat open Zenodo release (2021-2022),False
GHGSat (open sample),GHGSat_site147_20221016,2022-10-16 02:30:04+00:00,21.12943243,105.42216289,1748.3461884297974,750.0684576332765,,,GHGSat open Zenodo release (2021-2022),False
GHGSat (open sample),GHGSat_site147_20221101,2022-11-01 06:19:56+00:00,21.12933282,105.42327411,1860.86624596686,673.0533207177679,,,GHGSat open Zenodo release (2021-2022),False
GHGSat (open sample),GHGSat_site147_20221105,2022-11-05 06:24:23+00:00,21.12969319,105.42306321,984.1280355347114,509.9115160220725,,,GHGSat open Zenodo release (2021-2022),False
GHGSat (open sample),GHGSat_site147_20221219,2022-12-19 06:25:15+00:00,21.12967,105.42445,1622.719246615304,809.857124370095,,,GHGSat open Zenodo release (2021-2022),False
GHGSat (open sample),GHGSat_site148_20221011,2022-10-11 06:18:15+00:00,20.81502298,106.7551248,1017.941648961723,612.2174163378949,,,GHGSat open Zenodo release (2021-2022),False
